policy,family,group,holding_cost,stockout_cost,waste_cost,total_cost,demand,sold,lost,expired,order_qty,received,on_hand_close,stockout_days,n,fill_rate
P1_moving_avg_7d,AUTOMOTIVE,hardware,71.13095890410958,7498.799999999999,0.0,7569.930958904109,12694.0,10611.0,2083.0,0.0,10644.285714285714,10714.92857142857,18544.85714285714,420,1728,0.8359067275878368
P1_moving_avg_7d,BABY CARE,grocery,6.026125244618395,230.94642857142858,0.0,236.97255381604697,320.0,217.35714285714286,102.64285714285714,0.0,203.0,210.42857142857142,1955.142857142857,96,1344,0.6792410714285715
P1_moving_avg_7d,BEAUTY,grocery,15.631164383561645,5504.25,0.0,5519.881164383562,10534.0,8437.142857142857,2096.8571428571427,0.0,8653.57142857143,8234.714285714286,7022.0,516,1728,0.8009438823944235
P1_moving_avg_7d,BEVERAGES,grocery,1543.829236790607,275923.5428571429,0.0,277467.3720939335,6244848.0,5631684.571428572,613163.4285714285,0.0,5600025.285714285,5570822.714285715,1878325.5714285714,550,1728,0.9018129138497161
P1_moving_avg_7d,BOOKS,grocery,2.5373287671232876,57.214285714285715,0.0,59.75161448140901,30.0,17.285714285714285,12.714285714285715,0.0,24.714285714285715,25.642857142857142,529.2142857142857,15,832,0.5761904761904761
P1_moving_avg_7d,BREAD/BAKERY,perishable,95.56253561888455,59633.836087499985,451.92127500000004,60181.31989811887,933803.263,858077.7568571429,75725.50614285714,463.509,855028.8774285715,852501.2488571429,143098.7712857143,636,1728,0.9189063594620818
P1_moving_avg_7d,CELEBRATION,grocery,33.342837573385516,9238.199999999999,0.0,9271.542837573385,22730.0,18330.85714285714,4399.142857142857,0.0,18357.714285714286,18412.428571428572,18723.285714285714,493,1728,0.8064609389730375
P1_moving_avg_7d,CLEANING,grocery,1685.4443982387475,305156.5714285714,0.0,306842.01582681015,2213103.0,1941852.7142857143,271250.28571428574,0.0,1886202.2857142857,1878900.7142857143,1093666.142857143,499,1728,0.8774344051251634
P1_moving_avg_7d,DAIRY,perishable,237.14446966731902,62384.19428571429,0.0,62621.338755381614,1474726.0,1359199.7142857143,115526.28571428571,0.0,1349991.5714285714,1343601.857142857,240438.14285714287,582,1728,0.921662542252401
P1_moving_avg_7d,DELI,perishable,189.69972410958903,85152.49071428571,0.0,85342.19043839531,532654.37,485347.4307142857,47306.93928571429,0.0,484997.04028571426,483344.36585714284,98914.85614285714,638,1728,0.9111864241614797
P1_moving_avg_7d,EGGS,perishable,153.2792025440313,33008.85,0.0,33162.12920254403,346437.0,297535.0,48902.0,0.0,297090.5714285714,293754.28571428574,87759.85714285714,633,1728,0.8588430219635893
P1_moving_avg_7d,FROZEN FOODS,grocery,173.25221477495109,44921.47178571429,0.0,45094.72400048924,225116.794,195169.14614285715,29947.647857142856,0.0,196834.63885714285,197223.99014285713,84316.07785714285,560,1728,0.866968397492624
P1_moving_avg_7d,GROCERY I,grocery,2067.213935029354,389743.8522857143,0.0,391811.0662207437,7944594.2,7295021.112857142,649573.0871428571,0.0,7254332.651428571,7183633.944285714,1886332.7157142858,561,1728,0.9182370967238507
P1_moving_avg_7d,GROCERY II,grocery,73.00239041095891,9650.237142857144,0.0,9723.239533268103,57970.0,48222.28571428572,9747.714285714286,0.0,48133.28571428572,48542.0,45548.5,508,1728,0.8318489859286824
P1_moving_avg_7d,HARDWARE,hardware,34.54762720156556,2606.625,0.0,2641.172627201566,2523.0,2026.5,496.5,0.0,2038.0,1956.2857142857142,7759.928571428572,270,1728,0.8032104637336505
P1_moving_avg_7d,HOME AND KITCHEN I,hardware,453.52153620352254,51174.44999999999,0.0,51627.97153620351,53361.0,45238.07142857143,8122.928571428572,0.0,45543.21428571428,42841.142857142855,84889.92857142858,396,1728,0.847774056493908
P1_moving_avg_7d,HOME AND KITCHEN II,hardware,452.8533463796478,52483.94999999999,0.0,52936.80334637964,53193.0,44862.21428571428,8330.785714285714,0.0,44631.0,45157.92857142857,84764.85714285714,414,1728,0.8433856764182183
P1_moving_avg_7d,HOME APPLIANCES,hardware,142.01125244618396,1131.4285714285716,0.0,1273.4398238747553,439.0,363.57142857142856,75.42857142857143,0.0,318.5,351.35714285714283,6911.214285714286,70,1728,0.8281809306866255
P1_moving_avg_7d,HOME CARE,grocery,387.26682974559685,83838.21428571429,0.0,84225.48111545989,539852.0,483959.85714285716,55892.142857142855,0.0,477649.0,475684.71428571426,188469.85714285713,516,1728,0.8964676562147721
P1_moving_avg_7d,LADIESWEAR,hardware,182.87432729941293,27813.375,0.0,27996.24932729941,19207.0,16460.0,2747.0,0.0,15645.5,16468.0,32363.214285714286,246,1408,0.8569792263237361
P1_moving_avg_7d,LAWN AND GARDEN,hardware,108.73113502935422,12323.399999999998,0.0,12432.131135029353,27114.0,24179.85714285714,2934.142857142857,0.0,23936.928571428572,24485.428571428572,30528.357142857145,262,1632,0.8917849503155987
P1_moving_avg_7d,LINGERIE,hardware,82.09207436399217,17957.410714285714,0.0,18039.50278864971,12091.0,9430.642857142857,2660.357142857143,0.0,9952.285714285714,9398.142857142857,21791.714285714286,398,1728,0.7799721162139489
P1_moving_avg_7d,"LIQUOR,WINE,BEER",grocery,435.73326810176127,127907.57142857143,0.0,128343.30469667319,171405.0,128769.14285714286,42635.857142857145,0.0,135236.57142857142,135478.85714285713,106028.42857142857,566,1728,0.7512566311201123
P1_moving_avg_7d,MAGAZINES,grocery,12.283869863013697,3228.235714285714,0.0,3240.5195841487275,11901.0,9509.714285714286,2391.285714285714,0.0,9531.857142857143,9502.857142857143,8540.214285714286,471,1728,0.7990685056477848
P1_moving_avg_7d,MEATS,perishable,390.7186735812133,101992.92814285714,0.0,102383.64681643836,647039.448,579044.1625714286,67995.28542857143,0.0,582432.4152857143,582260.8632857143,142612.31585714285,611,1728,0.8949132303467046
P1_moving_avg_7d,PERSONAL CARE,grocery,365.32410958904103,124202.05714285714,0.0,124567.38125244618,553526.0,484524.85714285716,69001.14285714286,0.0,481900.4285714286,476290.14285714284,190490.42857142855,560,1728,0.8753425442397595
P1_moving_avg_7d,PET SUPPLIES,grocery,26.579999999999995,6112.221428571428,0.0,6138.801428571428,14606.0,12342.214285714286,2263.785714285714,0.0,12310.142857142857,12084.357142857143,9239.714285714286,488,1728,0.8450098785235031
P1_moving_avg_7d,PLAYERS AND ELECTRONICS,hardware,670.3874755381604,42484.28571428572,0.0,43154.67318982387,20270.0,17437.714285714286,2832.285714285714,0.0,17427.428571428572,17201.5,24469.142857142855,408,1728,0.8602720417224611
P1_moving_avg_7d,POULTRY,perishable,312.83538183170253,71044.98181714285,0.0,71357.81719897455,662687.824,596905.4334285714,65782.39057142856,0.0,601511.2718571429,598471.7728571428,139249.89557142855,683,1728,0.9007339682591956
P1_moving_avg_7d,PREPARED FOODS,perishable,53.051952739726026,42906.59314285714,843.7534285714282,43803.3985241683,153149.389,138847.19128571427,14302.197714285714,281.2511428571427,139199.598,138753.33985714286,25818.617,674,1728,0.906612766739241
P1_moving_avg_7d,PRODUCE,perishable,384.4944938630137,170549.34958285713,0.0,170933.84407672015,4000823.327,3684991.1981428573,315832.1288571429,0.0,3666295.9695714284,3645609.842285714,668288.0488571429,559,1728,0.9210582165111579
P1_moving_avg_7d,SCHOOL AND OFFICE SUPPLIES,grocery,28.590146771037176,42612.17142857143,0.0,42640.76157534247,57898.0,34224.57142857143,23673.428571428572,0.0,44230.71428571428,37186.92857142857,23189.785714285714,376,1728,0.5911183707307925
P1_moving_avg_7d,SEAFOOD,perishable,28.39383493150685,12277.616625,3956.763,16262.773459931506,34560.872,29883.684714285715,4677.187285714285,753.6691428571429,30628.364857142857,30578.45342857143,7896.190285714286,643,1728,0.864668134365525
P2_model_P50,AUTOMOTIVE,hardware,32.141248453252125,7451.077277159079,0.0,7483.218525612331,12694.0,10624.256311900255,2069.7436880997443,0.0,10596.710887048313,10591.844488751902,8379.68263245502,550,1728,0.8369510250433476
P2_model_P50,BABY CARE,grocery,5.743712790826897,550.2726494390656,0.0,556.0163622298926,320.0,75.43437802708193,244.56562197291805,0.0,58.68406639415928,77.31446335075078,1863.5157054682818,191,1344,0.23573243133463104
P2_model_P50,BEAUTY,grocery,6.789482457489146,6702.967293754861,0.0,6709.756776212351,10534.0,7980.488649998148,2553.511350001852,0.0,7877.402850551724,8022.647538239985,3050.0444270566627,792,1728,0.7575933785834581
P2_model_P50,BEVERAGES,grocery,1061.152632037766,244250.2120832741,0.0,245311.36471531185,6244848.0,5702069.750926058,542778.2490739423,0.0,5535772.390671875,5780943.405983521,1291069.0356459485,714,1728,0.9130838334137289
P2_model_P50,BOOKS,grocery,0.4039890980566883,126.8014361735942,0.0,127.2054252716509,30.0,1.8219030725346217,28.17809692746538,0.0,0.6419786511887124,0.7935992605975972,84.26058330896642,26,832,0.060730102417820724
P2_model_P50,BREAD/BAKERY,perishable,98.3814546845678,29190.609804786895,518.6375050485021,29807.628764519966,933803.263,896735.8219780484,37067.44102195162,531.9359026138483,890997.2682728285,898304.6394967996,147319.92188663487,531,1728,0.9603048709608636
P2_model_P50,CELEBRATION,grocery,20.512095822823614,8659.694896813335,0.0,8680.206992636158,22730.0,18606.33576342222,4123.664236577779,0.0,18229.752324852863,18609.15060376809,11518.330731277874,592,1728,0.8185805439253067
P2_model_P50,CLEANING,grocery,868.0680360742031,311099.71659479855,0.0,311967.7846308728,2213103.0,1936569.9185824012,276533.0814175987,0.0,1906082.0739800967,1966799.305669248,563279.7034081495,608,1728,0.8750473514257588
P2_model_P50,DAIRY,perishable,226.95224960912097,22254.86092545048,0.0,22481.813175059604,1474726.0,1433513.2945824992,41212.70541750089,0.0,1417954.2408064862,1431709.880291311,230104.3641870254,439,1728,0.9720539914414604
P2_model_P50,DELI,perishable,152.7860661715899,40201.75978407835,0.0,40354.54585024994,532654.37,510320.05900884536,22334.310991154638,0.0,504202.6879386807,510106.36996845703,79667.02021804331,535,1728,0.9580697873723356
P2_model_P50,EGGS,perishable,81.67489656924079,20531.873271807784,0.0,20613.548168377023,346437.0,316019.40996769216,30417.59003230783,0.0,311205.7053881958,314647.3550664142,46762.8819572908,703,1728,0.9121987835239659
P2_model_P50,FROZEN FOODS,grocery,97.20754086757088,26930.949109846708,0.0,27028.156650714278,225116.794,207162.82792676886,17953.96607323114,0.0,198007.88232584833,207433.85710086234,47307.6698888845,623,1728,0.920245994293828
P2_model_P50,GROCERY I,grocery,1387.644934051765,260889.2838607703,0.0,262276.9287948221,7944594.2,7509778.726898716,434815.4731012838,0.0,7322708.402841306,7546816.44599553,1266226.0023222354,624,1728,0.9452690141050523
P2_model_P50,GROCERY II,grocery,44.851640513806785,12864.9963479025,0.0,12909.847988416306,57970.0,44975.05419403788,12994.945805962121,0.0,44504.3347942986,46206.96509898679,27984.356901776886,596,1728,0.7758332619292372
P2_model_P50,HARDWARE,hardware,12.344739473052229,4452.456005276035,0.0,4464.800744749087,2523.0,1674.9131418521838,848.0868581478162,0.0,1670.6163741974278,1623.1470685235267,2772.818404716347,495,1728,0.6638577653001125
P2_model_P50,HOME AND KITCHEN I,hardware,169.46305424682558,62373.01769180144,0.0,62542.48074604827,53361.0,43460.52100130136,9900.478998698643,0.0,40566.46551764452,41266.13751196689,31720.007589790424,580,1728,0.8144622664736673
P2_model_P50,HOME AND KITCHEN II,hardware,175.81193340021662,61740.822548146956,0.0,61916.634481547175,53193.0,43392.869436802066,9800.130563197932,0.0,45067.53611454708,43048.61713289239,32908.3875338867,530,1728,0.8157627777489908
P2_model_P50,HOME APPLIANCES,hardware,66.05059950282207,2542.147205243251,0.0,2608.197804746073,439.0,269.52351965044994,169.47648034955006,0.0,129.70647629623164,169.78674048578148,3214.4625091373405,159,1728,0.6139487919144646
P2_model_P50,HOME CARE,grocery,263.0368743005338,89457.01313082346,0.0,89720.050005124,539852.0,480213.9912461177,59638.008753882306,0.0,472467.5139501838,489993.14461391664,128011.27882625979,709,1728,0.8895289658019563
P2_model_P50,LADIESWEAR,hardware,119.01392556018104,22035.84814683895,0.0,22154.862072399133,19207.0,17030.619936114672,2176.3800638853286,0.0,17082.06492859103,17511.37901111261,21061.858341559313,321,1408,0.8866881832724878
P2_model_P50,LAWN AND GARDEN,hardware,74.96842802366413,9208.45174065705,0.0,9283.420168680714,27114.0,24921.51149031975,2192.48850968025,0.0,24694.24651761495,25294.539342263797,21048.82786818262,312,1632,0.9191381386117781
P2_model_P50,LINGERIE,hardware,41.21175461632285,18514.024515802805,0.0,18555.236270419126,12091.0,9348.1815532144,2742.8184467856004,0.0,9613.889656965915,9229.583410490279,10939.847589060248,484,1728,0.7731520596488627
P2_model_P50,"LIQUOR,WINE,BEER",grocery,161.31908426025782,90022.69692627019,0.0,90184.01601053045,171405.0,141397.43435790992,30007.565642090067,0.0,133459.4901703427,141473.97966883215,39254.310503329405,693,1728,0.8249317952096492
P2_model_P50,MAGAZINES,grocery,4.847169860129085,4031.541970482859,0.0,4036.3891403429884,11901.0,8914.67261445714,2986.327385542859,0.0,8618.892044678663,8834.123786969943,3369.9371408516504,753,1728,0.7490692054833326
P2_model_P50,MEATS,perishable,193.46148429615698,57041.80489084515,0.0,57235.266375141306,647039.448,609011.5780727699,38027.8699272301,0.0,604652.7491678762,608254.747418804,70613.4417680973,700,1728,0.9412278956951168
P2_model_P50,PERSONAL CARE,grocery,196.54780082982398,93773.67894080396,0.0,93970.22674163379,553526.0,501429.51169955335,52096.488300446654,0.0,487645.93314257514,506656.07109648053,102485.63900412251,653,1728,0.9058824909752268
P2_model_P50,PET SUPPLIES,grocery,22.171515837529917,3700.1248634530666,0.0,3722.2963792905966,14606.0,13235.58338390627,1370.4166160937286,0.0,12628.098419692573,13147.64896228244,7707.241219712782,450,1728,0.9061744066757682
P2_model_P50,PLAYERS AND ELECTRONICS,hardware,261.204863922774,41835.660601490934,0.0,42096.865465413706,20270.0,17480.955959900606,2789.0440400993953,0.0,17443.48913522536,17373.619830112915,9533.97753318125,569,1728,0.8624053260927778
P2_model_P50,POULTRY,perishable,209.4958267793833,36626.0803840826,5892.065626377063,42727.64183723904,662687.824,628774.7866073309,33913.03739266907,1796.3614714564217,625563.4911675432,631027.4060110333,93251.19118838402,659,1728,0.9488250181088749
P2_model_P50,PREPARED FOODS,perishable,44.24747440993534,39037.33028268715,1010.1583511432586,40091.736108240344,153149.389,140136.9455724376,13012.443427562384,336.71945038108623,139207.1508344249,139989.42678057612,21533.77087950187,717,1728,0.9150343105347786
P2_model_P50,PRODUCE,perishable,259.3205854750032,65794.85783624656,0.0,66054.17842172156,4000823.327,3878980.9976736177,121842.32932638252,0.0,3893280.057929316,3870520.004739371,450723.8747541722,559,1728,0.9695456861331226
P2_model_P50,SCHOOL AND OFFICE SUPPLIES,grocery,2.746930460323509,96644.93061202436,0.0,96647.67754248469,57898.0,4206.3718822086985,53691.628117791304,0.0,4326.283920096048,4188.122967229878,2228.0658178179574,492,1728,0.07265141943087323
P2_model_P50,SEAFOOD,perishable,17.891969303174886,11691.13588305098,1930.847310442449,13639.875162796605,34560.872,30107.10594931391,4453.7660506860875,367.78044008427605,30248.477163758038,30354.271413803337,4975.671463359111,755,1728,0.8711327060646478
P3_newsvendor_q*,AUTOMOTIVE,hardware,441.1223632978346,0.0,0.0,441.1223632978346,12694.0,12694.0,0.0,0.0,12145.675279066434,12083.522328460247,115006.90185979262,0,1728,1.0
P3_newsvendor_q*,BABY CARE,grocery,45.95965213164108,30.737548098058987,0.0,76.69720022970006,320.0,306.3388675119738,13.661132488026215,0.0,326.4447920150341,368.45483525780713,14911.353802710217,8,1344,0.957308960974918
P3_newsvendor_q*,BEAUTY,grocery,96.47723175768472,4.200492218465454,0.0,100.67772397615018,10534.0,10532.399812488204,1.6001875117963635,0.0,10115.996948400298,10433.137599141235,43340.5410357599,2,1728,0.9998480930784321
P3_newsvendor_q*,BEVERAGES,grocery,4732.333159365311,25588.410763260275,0.0,30320.74392262559,6244848.0,6187984.864970533,56863.135029467274,0.0,6069066.957606485,6341866.098762776,5757672.010561127,59,1728,0.9908943924608786
P3_newsvendor_q*,BOOKS,grocery,21.375950821435982,0.0,0.0,21.375950821435982,30.0,30.0,0.0,0.0,50.42819962002538,53.90296931844027,4458.412599899504,0,832,1.0
P3_newsvendor_q*,BREAD/BAKERY,perishable,98.3814546845678,29190.609804786895,518.6375050485021,29807.628764519966,933803.263,896735.8219780484,37067.44102195162,531.9359026138483,890997.2682728285,898304.6394967996,147319.92188663487,531,1728,0.9603048709608636
P3_newsvendor_q*,CELEBRATION,grocery,211.8479123346168,423.400157333849,0.0,635.2480696684657,22730.0,22528.380877460073,201.6191225399281,0.0,22232.92256572727,22707.292297467662,118960.75077251559,7,1728,0.9911298230294797
P3_newsvendor_q*,CLEANING,grocery,6412.560080958278,81048.6106087905,0.0,87461.17068974877,2213103.0,2141059.790569964,72043.209430036,0.0,2194197.3548513115,2254615.048593125,4161038.9858662602,59,1728,0.9674469695129254
P3_newsvendor_q*,DAIRY,perishable,226.95224960912097,22254.86092545048,0.0,22481.813175059604,1474726.0,1433513.2945824992,41212.70541750089,0.0,1417954.2408064862,1431709.880291311,230104.3641870254,439,1728,0.9720539914414604
P3_newsvendor_q*,DELI,perishable,152.7860661715899,40201.75978407835,0.0,40354.54585024994,532654.37,510320.05900884536,22334.310991154638,0.0,504202.6879386807,510106.36996845703,79667.02021804331,535,1728,0.9580697873723356
P3_newsvendor_q*,EGGS,perishable,81.67489656924079,20531.873271807784,0.0,20613.548168377023,346437.0,316019.40996769216,30417.59003230783,0.0,311205.7053881958,314647.3550664142,46762.8819572908,703,1728,0.9121987835239659
P3_newsvendor_q*,FROZEN FOODS,grocery,662.4800185680073,1437.5565186522297,0.0,2100.036537220237,225116.794,224158.42298756517,958.3710124348198,0.0,212588.27056356877,224398.65932642962,322406.9423697635,12,1728,0.9957427831331197
P3_newsvendor_q*,GROCERY I,grocery,6128.755683810555,30054.17495044606,0.0,36182.93063425661,7944594.2,7894503.908415923,50090.29158407677,0.0,7702338.640050986,7940175.709499379,5592489.56147713,58,1728,0.9936950471826395
P3_newsvendor_q*,GROCERY II,grocery,364.4849550625066,3466.151587290935,0.0,3830.6365423534417,57970.0,54468.836780514204,3501.1632194857925,0.0,58667.18309606929,60768.454826521716,227413.68991079472,69,1728,0.9396038775317268
P3_newsvendor_q*,HARDWARE,hardware,227.9937225603246,0.0,0.0,227.9937225603246,2523.0,2523.0,0.0,0.0,2638.004892123975,2638.04871560656,51210.89768278061,0,1728,1.0
P3_newsvendor_q*,HOME AND KITCHEN I,hardware,3935.3387249623875,483.2415579624735,0.0,4418.580282924861,53361.0,53284.29499079961,76.70500920039262,0.0,42478.02122884072,44629.08907900562,736614.6844160366,2,1728,0.9985625267667324
P3_newsvendor_q*,HOME AND KITCHEN II,hardware,2351.3441311728166,3566.4161978469406,0.0,5917.760329019757,53193.0,52626.90219081795,566.0978091820541,0.0,55042.705154271505,53362.5150736289,440123.3886554246,12,1728,0.9893576634297361
P3_newsvendor_q*,HOME APPLIANCES,hardware,775.8122523292508,0.0,0.0,775.8122523292508,439.0,439.0,0.0,0.0,338.4114705454351,459.1882583960193,37756.196280023534,0,1728,1.0
P3_newsvendor_q*,HOME CARE,grocery,1344.506301442596,7209.541489201738,0.0,8554.047790644334,539852.0,535045.6390071989,4806.360992801159,0.0,529148.0895534336,555474.5045016146,654326.4000353967,44,1728,0.9910968913835623
P3_newsvendor_q*,LADIESWEAR,hardware,996.76997891301,0.0,0.0,996.76997891301,19207.0,19207.0,0.0,0.0,19864.732145158785,20695.362868466473,176398.08111672662,0,1408,1.0
P3_newsvendor_q*,LAWN AND GARDEN,hardware,661.2591742251088,0.0,0.0,661.2591742251088,27114.0,27114.0,0.0,0.0,26537.799682947796,27309.337382483853,185661.22968628054,0,1632,1.0
P3_newsvendor_q*,LINGERIE,hardware,525.1796136997723,1341.2678462053384,0.0,1866.4474599051107,12091.0,11892.293652414024,198.70634758597606,0.0,11985.40965990883,11469.642972863106,139411.3156366668,6,1728,0.9835657639909043
P3_newsvendor_q*,"LIQUOR,WINE,BEER",grocery,1758.5904694694525,14260.3438941378,0.0,16018.934363607252,171405.0,166651.5520352874,4753.4479647126,0.0,153589.18356151704,165990.58898695608,427923.6809042334,34,1728,0.9722677403534751
P3_newsvendor_q*,MAGAZINES,grocery,62.04185848157834,148.51059453433695,0.0,210.5524530159153,11901.0,11790.992152196788,110.00784780321256,0.0,11239.035570930395,11466.039114045416,43133.863515763995,15,1728,0.9907564198131912
P3_newsvendor_q*,MEATS,perishable,193.46148429615698,57041.80489084515,0.0,57235.266375141306,647039.448,609011.5780727699,38027.8699272301,0.0,604652.7491678762,608254.747418804,70613.4417680973,700,1728,0.9412278956951168
P3_newsvendor_q*,PERSONAL CARE,grocery,1176.019800638409,9771.033717704979,0.0,10947.053518343388,553526.0,548097.6479346084,5428.352065391655,0.0,525671.3752715173,550928.7612068602,613210.324618599,31,1728,0.9901931398608347
P3_newsvendor_q*,PET SUPPLIES,grocery,186.90929760673185,3.495364435680071,0.0,190.40466204241193,14606.0,14604.705420579377,1.2945794206222487,0.0,13706.079976112602,14443.076963310898,64973.23202519727,2,1728,0.999911366601354
P3_newsvendor_q*,PLAYERS AND ELECTRONICS,hardware,3554.986286216785,0.0,0.0,3554.986286216785,20270.0,20270.0,0.0,0.0,20431.168389067396,20144.821495563887,129756.99944691265,0,1728,1.0
P3_newsvendor_q*,POULTRY,perishable,209.4958267793833,36626.0803840826,5892.065626377063,42727.64183723904,662687.824,628774.7866073309,33913.03739266907,1796.3614714564217,625563.4911675432,631027.4060110333,93251.19118838402,659,1728,0.9488250181088749
P3_newsvendor_q*,PREPARED FOODS,perishable,44.24747440993534,39037.33028268715,1010.1583511432586,40091.736108240344,153149.389,140136.9455724376,13012.443427562384,336.71945038108623,139207.1508344249,139989.42678057612,21533.77087950187,717,1728,0.9150343105347786
P3_newsvendor_q*,PRODUCE,perishable,298.3844331380014,54169.32731278913,0.0,54467.71174592713,4000823.327,3900509.7579022422,100313.56909775766,0.0,3915244.502426604,3892074.819910537,518620.56235890713,470,1728,0.9749267685926593
P3_newsvendor_q*,SCHOOL AND OFFICE SUPPLIES,grocery,48.52409290788535,46107.34738817958,0.0,46155.871481087466,57898.0,32282.807006566905,25615.192993433095,0.0,36546.082039301924,32550.348411377392,39358.430914173674,163,1728,0.5575806937470535
P3_newsvendor_q*,SEAFOOD,perishable,17.891969303174886,11691.13588305098,1930.847310442449,13639.875162796605,34560.872,30107.10594931391,4453.7660506860875,367.78044008427605,30248.477163758038,30354.271413803337,4975.671463359111,755,1728,0.8711327060646478
P3b_newsvendor_q*_tuned,AUTOMOTIVE,hardware,239.46267703882,48.68795342066818,0.0,288.1506304594882,12694.0,12680.47556849426,13.524431505741163,0.0,12388.52819776263,12445.829198858159,62431.34079940665,4,1728,0.9989345807857459
P3b_newsvendor_q*_tuned,BABY CARE,grocery,45.95965213164108,30.737548098058987,0.0,76.69720022970006,320.0,306.3388675119738,13.661132488026215,0.0,326.4447920150341,368.45483525780713,14911.353802710217,8,1344,0.957308960974918
P3b_newsvendor_q*_tuned,BEAUTY,grocery,96.47723175768472,4.200492218465454,0.0,100.67772397615018,10534.0,10532.399812488204,1.6001875117963635,0.0,10115.996948400298,10433.137599141235,43340.5410357599,2,1728,0.9998480930784321
P3b_newsvendor_q*_tuned,BEVERAGES,grocery,4732.333159365311,25588.410763260275,0.0,30320.74392262559,6244848.0,6187984.864970533,56863.135029467274,0.0,6069066.957606485,6341866.098762776,5757672.010561127,59,1728,0.9908943924608786
P3b_newsvendor_q*_tuned,BOOKS,grocery,21.375950821435982,0.0,0.0,21.375950821435982,30.0,30.0,0.0,0.0,50.42819962002538,53.90296931844027,4458.412599899504,0,832,1.0
P3b_newsvendor_q*_tuned,BREAD/BAKERY,perishable,235.2220892636783,7132.450366403192,3936.568913922073,11304.241369588945,933803.263,924746.1831696468,9057.079830353261,4037.5065783816135,920162.4204022269,927815.7173613366,352230.0003333028,118,1728,0.9903008693702184
P3b_newsvendor_q*_tuned,CELEBRATION,grocery,211.8479123346168,423.400157333849,0.0,635.2480696684657,22730.0,22528.380877460073,201.6191225399281,0.0,22232.92256572727,22707.292297467662,118960.75077251559,7,1728,0.9911298230294797
P3b_newsvendor_q*_tuned,CLEANING,grocery,6412.560080958278,81048.6106087905,0.0,87461.17068974877,2213103.0,2141059.790569964,72043.209430036,0.0,2194197.3548513115,2254615.048593125,4161038.9858662602,59,1728,0.9674469695129254
P3b_newsvendor_q*_tuned,DAIRY,perishable,940.6524928221635,1951.63084296961,0.0,2892.2833357917734,1474726.0,1471111.8688093156,3614.131190684463,0.0,1454045.3160784862,1466701.949557057,953717.1107780267,17,1728,0.9975492863144174
P3b_newsvendor_q*_tuned,DELI,perishable,713.5216793816663,655.6183509588944,1020.7568212568845,2389.896851597445,532654.37,532290.1375828006,364.23241719938585,364.5560075917445,522002.8749204918,529733.5672559377,372050.5899632975,10,1728,0.9993161936938593
P3b_newsvendor_q*_tuned,EGGS,perishable,420.9988710847,3206.6031942564305,424.38573268176884,4051.9877980228994,346437.0,341686.47674924973,4750.523250750268,166.4257775222623,336249.0168599468,340629.76917906676,241042.49089555372,49,1728,0.9862874830034024
P3b_newsvendor_q*_tuned,FROZEN FOODS,grocery,662.4800185680073,1437.5565186522297,0.0,2100.036537220237,225116.794,224158.42298756517,958.3710124348198,0.0,212588.27056356877,224398.65932642962,322406.9423697635,12,1728,0.9957427831331197
P3b_newsvendor_q*_tuned,GROCERY I,grocery,6128.755683810555,30054.17495044606,0.0,36182.93063425661,7944594.2,7894503.908415923,50090.29158407677,0.0,7702338.640050986,7940175.709499379,5592489.56147713,58,1728,0.9936950471826395
P3b_newsvendor_q*_tuned,GROCERY II,grocery,364.4849550625066,3466.151587290935,0.0,3830.6365423534417,57970.0,54468.836780514204,3501.1632194857925,0.0,58667.18309606929,60768.454826521716,227413.68991079472,69,1728,0.9396038775317268
P3b_newsvendor_q*_tuned,HARDWARE,hardware,144.64610688200665,10.13829934119451,0.0,154.78440622320116,2523.0,2521.068895363582,1.9311046364180022,0.0,2583.233542651132,2590.107378219929,32489.740930419954,1,1728,0.9992345998270242
P3b_newsvendor_q*_tuned,HOME AND KITCHEN I,hardware,1737.8701456983417,3970.345002347782,0.0,5708.215148046124,53361.0,52730.78650756385,630.213492436156,0.0,41458.65295856448,43084.2665532688,325293.6426563562,21,1728,0.988189623649554
P3b_newsvendor_q*_tuned,HOME AND KITCHEN II,hardware,2351.3441311728166,3566.4161978469406,0.0,5917.760329019757,53193.0,52626.90219081795,566.0978091820541,0.0,55042.705154271505,53362.5150736289,440123.3886554246,12,1728,0.9893576634297361
P3b_newsvendor_q*_tuned,HOME APPLIANCES,hardware,387.81639232544507,15.365196756884492,0.0,403.18158908232954,439.0,437.97565354954105,1.024346450458966,0.0,248.1815467774941,367.7185443725334,18873.73109317166,4,1728,0.9976666367871094
P3b_newsvendor_q*_tuned,HOME CARE,grocery,1344.506301442596,7209.541489201738,0.0,8554.047790644334,539852.0,535045.6390071989,4806.360992801159,0.0,529148.0895534336,555474.5045016146,654326.4000353967,44,1728,0.9910968913835623
P3b_newsvendor_q*_tuned,LADIESWEAR,hardware,563.0445147816763,90.76974721580655,0.0,653.8142619974828,19207.0,19198.035086694734,8.964913305264844,0.0,19442.839955230625,20032.285318457612,99641.81716136332,1,1408,0.9995332476021624
P3b_newsvendor_q*_tuned,LAWN AND GARDEN,hardware,312.4395531127612,165.60919979696013,0.0,478.0487529097213,27114.0,27074.56923814358,39.43076185641908,0.0,26480.84065809986,27269.318854374105,87723.41298935217,7,1632,0.998545741614796
P3b_newsvendor_q*_tuned,LINGERIE,hardware,338.32223870563183,2163.4116478073884,0.0,2501.73388651302,12091.0,11770.494570695202,320.5054293047983,0.0,12056.291935686313,11688.041788472325,89809.17609276772,11,1728,0.9734922314692914
P3b_newsvendor_q*_tuned,"LIQUOR,WINE,BEER",grocery,1758.5904694694525,14260.3438941378,0.0,16018.934363607252,171405.0,166651.5520352874,4753.4479647126,0.0,153589.18356151704,165990.58898695608,427923.6809042334,34,1728,0.9722677403534751
P3b_newsvendor_q*_tuned,MAGAZINES,grocery,62.04185848157834,148.51059453433695,0.0,210.5524530159153,11901.0,11790.992152196788,110.00784780321256,0.0,11239.035570930395,11466.039114045416,43133.863515763995,15,1728,0.9907564198131912
P3b_newsvendor_q*_tuned,MEATS,perishable,871.0724573487017,5720.152241705396,2678.8741249599047,9270.098824014003,647039.448,643226.0131721965,3813.4348278035973,669.7185312399762,636693.1666239938,640511.2743838263,317941.4469322761,56,1728,0.9941063333316215
P3b_newsvendor_q*_tuned,PERSONAL CARE,grocery,1176.019800638409,9771.033717704979,0.0,10947.053518343388,553526.0,548097.6479346084,5428.352065391655,0.0,525671.3752715173,550928.7612068602,613210.324618599,31,1728,0.9901931398608347
P3b_newsvendor_q*_tuned,PET SUPPLIES,grocery,104.33332302007372,136.55994390476212,0.0,240.89326692483584,14606.0,14555.422242998236,50.57775700176376,0.0,13577.914528034948,14407.186250260223,36268.25038316849,23,1728,0.9965371931396848
P3b_newsvendor_q*_tuned,PLAYERS AND ELECTRONICS,hardware,2586.6813339116143,320.21793866068765,0.0,2906.899272572302,20270.0,20248.65213742262,21.347862577379175,0.0,20518.676077438427,20303.859934227454,94413.86868777392,2,1728,0.9989468247371791
P3b_newsvendor_q*_tuned,POULTRY,perishable,589.9764037573715,5053.447293391093,10154.463714210111,15797.887411358577,662687.824,658008.706135749,4679.117864251012,3095.873083600643,652851.8188517066,659498.479103715,262611.44801395194,99,1728,0.9929391823800116
P3b_newsvendor_q*_tuned,PREPARED FOODS,perishable,133.25073703052226,6732.381620479403,8638.210808666225,15503.843166176151,153149.389,150905.26179317353,2244.127206826468,2879.4036028887417,151823.87823123118,152955.00753232793,64848.69202152083,149,1728,0.9853468092724388
P3b_newsvendor_q*_tuned,PRODUCE,perishable,1160.2470665237747,3630.007567204434,0.0,4790.254633728208,4000823.327,3994101.0907644364,6722.236235563767,0.0,4008814.588058332,3978918.8009025347,2016619.9013389419,17,1728,0.998319786782336
P3b_newsvendor_q*_tuned,SCHOOL AND OFFICE SUPPLIES,grocery,48.52409290788535,46107.34738817958,0.0,46155.871481087466,57898.0,32282.807006566905,25615.192993433095,0.0,36546.082039301924,32550.348411377392,39358.430914173674,163,1728,0.5575806937470535
P3b_newsvendor_q*_tuned,SEAFOOD,perishable,36.38759960558859,5176.940193058137,5459.092552395868,10672.420345059592,34560.872,32588.704307406424,1972.167692593576,1039.827152837308,33259.819193707284,33373.17540350051,10119.21817603035,403,1728,0.9429364023976716
P4_model_P95,AUTOMOTIVE,hardware,307.86040766169543,13.421954237703897,0.0,321.2823618993993,12694.0,12690.271679378415,3.728320621584416,0.0,12297.833772316857,12437.100902103992,80263.60628322774,1,1728,0.9997062926877591
P4_model_P95,BABY CARE,grocery,31.659168362975937,65.36161649552805,0.0,97.02078485850399,320.0,290.9503926686542,29.0496073313458,0.0,320.2477320602246,363.6470802447514,10271.641291098858,23,1344,0.9092199770895444
P4_model_P95,BEAUTY,grocery,64.4421182527806,289.12700462105875,0.0,353.5691228738394,10534.0,10423.856379191977,110.14362080802238,0.0,10175.684562931336,10563.527461111998,28949.382353556826,25,1728,0.9895439889113326
P4_model_P95,BEVERAGES,grocery,3164.3090505138844,57576.74804349866,0.0,60741.05709401254,6244848.0,6116899.671014448,127948.32898555255,0.0,5982414.38791012,6256753.129045599,3849909.344791892,160,1728,0.9795113781815743
P4_model_P95,BOOKS,grocery,9.530671924047084,24.756358402730857,0.0,34.28703032677794,30.0,24.498587021615364,5.501412978384636,0.0,50.306345476151876,52.92956138376471,1987.8258584441062,5,832,0.8166195673871788
P4_model_P95,BREAD/BAKERY,perishable,281.21139408379776,5259.313437141343,6849.407261150329,12389.93209237547,933803.263,927124.7697464871,6678.493253512817,7025.033088359311,923999.4619477354,930899.6185018688,421096.0362690715,80,1728,0.9928480724815022
P4_model_P95,CELEBRATION,grocery,142.9209443975162,722.7182210257804,0.0,865.6391654232965,22730.0,22385.8484661782,344.1515338218002,0.0,22040.9644496673,22670.87230581448,80255.60723860524,17,1728,0.9848591494139111
P4_model_P95,CLEANING,grocery,4354.768251991933,112923.8664971835,0.0,117278.63474917543,2213103.0,2112726.2297802814,100376.77021971866,0.0,2126446.2154928283,2206932.458999739,2825760.732403654,106,1728,0.9546443296043073
P4_model_P95,DAIRY,perishable,628.0549324434343,3560.745951617525,0.0,4188.800884060959,1474726.0,1468132.0260155231,6593.973984476897,0.0,1451746.5181588863,1463780.1129696278,636777.9176162597,55,1728,0.9955286785582699
P4_model_P95,DELI,perishable,543.2828801695562,2004.2036121970689,68.41979596907109,2615.906288335696,532654.37,531540.9235487795,1113.4464512205939,24.43564141752539,521788.2442437428,529911.1856623774,283283.21608841146,39,1728,0.9979096267412195
P4_model_P95,EGGS,perishable,420.9988710847,3206.6031942564305,424.38573268176884,4051.9877980228994,346437.0,341686.47674924973,4750.523250750268,166.4257775222623,336249.0168599468,340629.76917906676,241042.49089555372,49,1728,0.9862874830034024
P4_model_P95,FROZEN FOODS,grocery,492.43371591149565,2370.1395388469755,0.0,2862.573254758471,225116.794,223536.70097410202,1580.0930258979836,0.0,211065.43364242025,222146.63192273478,239651.07507692787,29,1728,0.9929810077790199
P4_model_P95,GROCERY I,grocery,4411.524605939328,55555.91930303949,0.0,59967.443908978814,7944594.2,7852001.0011616,92593.19883839914,0.0,7670173.862320087,7912410.940935119,4025516.202919636,112,1728,0.9883451317326694
P4_model_P95,GROCERY II,grocery,280.941470343573,4258.125445515853,0.0,4539.066915859426,57970.0,53668.863186347626,4301.136813652377,0.0,56812.812427720964,59238.72253232507,175288.26782120366,92,1728,0.9258040915360984
P4_model_P95,HARDWARE,hardware,157.7595794544868,0.0,0.0,157.7595794544868,2523.0,2523.0,0.0,0.0,2631.9592398322347,2641.696563709585,35435.228615930886,0,1728,1.0
P4_model_P95,HOME AND KITCHEN I,hardware,2026.9415184974341,3516.3255707136377,0.0,5543.267089211072,53361.0,52802.85308401371,558.1469159862918,0.0,41112.40689380767,42835.1613489513,379401.8739751607,17,1728,0.9895401713613634
P4_model_P95,HOME AND KITCHEN II,hardware,1236.3078222321476,10469.630007726022,0.0,11705.937829958171,53193.0,51531.15396702762,1661.8460329723848,0.0,55420.38867597176,53945.344564152474,231411.46416140196,33,1728,0.9687581818477548
P4_model_P95,HOME APPLIANCES,hardware,520.063583836779,0.0,0.0,520.063583836779,439.0,439.0,0.0,0.0,371.8548295347624,493.4829761409389,25309.761080056578,0,1728,1.0
P4_model_P95,HOME CARE,grocery,1055.321340295058,12549.450581500636,0.0,13604.771921795695,539852.0,531485.6996123329,8366.300387667092,0.0,526098.2573321095,551214.1399466711,513589.7189435949,91,1728,0.9845026036994081
P4_model_P95,LADIESWEAR,hardware,701.2799330893782,0.0,0.0,701.2799330893782,19207.0,19207.0,0.0,0.0,19830.16856695742,20600.15543130984,124105.29724975662,0,1408,1.0
P4_model_P95,LAWN AND GARDEN,hardware,490.64087506100736,46.831585727323,0.0,537.4724607883304,27114.0,27102.849622445876,11.150377554124525,0.0,26529.630089346185,27394.397592064197,137756.8610748213,3,1632,0.9995887594027394
P4_model_P95,LINGERIE,hardware,367.3774150232293,1981.8311540935165,0.0,2349.208569116746,12091.0,11797.395384578738,293.6046154212617,0.0,12224.900649228888,11867.164052154463,97522.00471525722,8,1728,0.9757170940847522
P4_model_P95,"LIQUOR,WINE,BEER",grocery,1160.2812398647018,21088.69621874473,0.0,22248.97745860943,171405.0,164375.43459375176,7029.565406248244,0.0,151462.1484428709,162528.4515461584,282335.10170041077,73,1728,0.9589885627242599
P4_model_P95,MAGAZINES,grocery,41.862627329603725,342.82747998887453,0.0,384.6901073184783,11901.0,11647.05371852676,253.94628147324045,0.0,11248.199846616268,11531.831767757083,29104.49328629593,40,1728,0.9786617694754021
P4_model_P95,MEATS,perishable,871.0724573487017,5720.152241705396,2678.8741249599047,9270.098824014003,647039.448,643226.0131721965,3813.4348278035973,669.7185312399762,636693.1666239938,640511.2743838263,317941.4469322761,56,1728,0.9941063333316215
P4_model_P95,PERSONAL CARE,grocery,825.4435188310048,19064.31297249341,0.0,19889.756491324417,553526.0,542934.7150152815,10591.284984718563,0.0,526979.3650336174,552153.5346898338,430409.83481902396,85,1728,0.9808657859166172
P4_model_P95,PET SUPPLIES,grocery,135.85465574983343,13.08116380642394,0.0,148.93581955625737,14606.0,14601.155124516139,4.844875483860719,0.0,13717.376882268727,14547.10097586512,47225.66604637067,3,1728,0.9996682955303395
P4_model_P95,PLAYERS AND ELECTRONICS,hardware,2586.6813339116143,320.21793866068765,0.0,2906.899272572302,20270.0,20248.65213742262,21.347862577379175,0.0,20518.676077438427,20303.859934227454,94413.86868777392,2,1728,0.9989468247371791
P4_model_P95,POULTRY,perishable,737.2127807434032,2821.8555796457467,18029.44206624253,21588.51042663168,662687.824,660074.9947595872,2612.8292404127287,5496.781117756868,654933.68882387,661819.4711480195,328149.591428466,46,1728,0.9960572246149906
P4_model_P95,PREPARED FOODS,perishable,192.27047474000994,2154.5432937316564,20563.627283215345,22910.441051687012,153149.389,152431.20790208946,718.1810979105522,6854.542427738448,157194.46613256654,158365.84564785264,93571.63104013816,51,1728,0.9953105846350417
P4_model_P95,PRODUCE,perishable,826.9649091544495,6963.901411407017,0.0,7790.866320561467,4000823.327,3987927.2132751723,12896.11372482781,0.0,4003978.340640905,3979975.5455820914,1437343.7706732098,52,1728,0.9967766350396438
P4_model_P95,SCHOOL AND OFFICE SUPPLIES,grocery,26.260232851322048,55430.88537475334,0.0,55457.14560760467,57898.0,27103.06368069259,30794.93631930741,0.0,30608.731922411072,27356.268149206648,21299.96664607233,211,1728,0.46811744241066344
P4_model_P95,SEAFOOD,perishable,93.27497296305886,876.1370125108957,25851.971027203203,26821.383012677157,34560.872,34227.10551904347,333.76648095653167,4924.184957562515,38599.90295347488,38740.68967047537,25939.325814488748,70,1728,0.9903426487341948
P5_perfect_foresight,AUTOMOTIVE,hardware,0.9608219178082208,6.394884621840901e-15,0.0,0.9608219178082272,12694.0,12694.0,1.7763568394002505e-15,0.0,10062.5,12534.5,250.50000000000045,1,1728,1.0
P5_perfect_foresight,BABY CARE,grocery,0.8744618395303326,0.0,0.0,0.8744618395303326,320.0,320.0,0.0,0.0,275.2857142857143,308.14285714285717,283.7142857142857,0,1344,1.0
P5_perfect_foresight,BEAUTY,grocery,0.0,0.0,0.0,0.0,10534.0,10534.0,0.0,0.0,9471.0,10533.142857142857,0.0,0,1728,1.0
P5_perfect_foresight,BEVERAGES,grocery,0.0,0.0,0.0,0.0,6244848.0,6244848.0,0.0,0.0,5715238.0,6244848.0,0.0,0,1728,1.0
P5_perfect_foresight,BOOKS,grocery,0.5229452054794521,0.0,0.0,0.5229452054794521,30.0,30.0,0.0,0.0,25.285714285714285,27.285714285714285,109.07142857142857,0,832,1.0
P5_perfect_foresight,BREAD/BAKERY,perishable,2.2814261895179437e-14,1.1795364684985541e-11,0.0,1.1818178946880721e-11,933803.263,933803.263,1.4978240869822912e-11,0.0,902047.505,933803.263,3.416289473534562e-11,132,1728,1.0
P5_perfect_foresight,CELEBRATION,grocery,7.908437983631253e-17,0.0,0.0,7.908437983631253e-17,22730.0,22730.0,0.0,0.0,20450.0,22730.0,4.440892098500626e-14,0,1728,1.0
P5_perfect_foresight,CLEANING,grocery,0.0,0.0,0.0,0.0,2213103.0,2213103.0,0.0,0.0,2056787.0,2213103.0,0.0,0,1728,1.0
P5_perfect_foresight,DAIRY,perishable,0.0,0.0,0.0,0.0,1474726.0,1474726.0,0.0,0.0,1421254.0,1474726.0,0.0,0,1728,1.0
P5_perfect_foresight,DELI,perishable,5.2831285769296873e-14,2.5106317025347377e-11,0.0,2.5159148311116674e-11,532654.37,532654.37,1.3947953902970767e-11,0.0,513070.38,532654.37,2.7547741865419084e-11,254,1728,1.0
P5_perfect_foresight,EGGS,perishable,0.0,0.0,0.0,0.0,346437.0,346437.0,0.0,0.0,335171.0,346437.0,0.0,0,1728,1.0
P5_perfect_foresight,FROZEN FOODS,grocery,5.682395193654061e-14,1.27631238910908e-11,0.0,1.281994784302734e-11,225116.794,225116.794,8.5087492607272e-12,0.0,206586.441,225116.794,2.76543232757831e-11,237,1728,1.0
P5_perfect_foresight,GROCERY I,grocery,3.137133779540046e-13,5.497895472217352e-11,0.0,5.5292668100127524e-11,7944594.2,7944594.2,9.163159120362252e-11,0.0,7359186.39,7944594.2,2.8626345738302916e-10,78,1728,1.0
P5_perfect_foresight,GROCERY II,grocery,0.0,0.0,0.0,0.0,57970.0,57970.0,0.0,0.0,51480.0,57970.0,0.0,0,1728,1.0
P5_perfect_foresight,HARDWARE,hardware,0.9807240704500979,1.049160758270773e-14,0.0,0.9807240704501085,2523.0,2523.0,1.9984014443252818e-15,0.0,1989.7857142857142,2440.785714285714,220.2857142857143,2,1728,1.0
P5_perfect_foresight,HOME AND KITCHEN I,hardware,17.071849315068498,2.2382096176443152e-14,0.0,17.07184931506852,53361.0,53361.0,3.552713678800501e-15,0.0,42006.0,51766.5,3195.5000000000005,1,1728,1.0
P5_perfect_foresight,HOME AND KITCHEN II,hardware,17.026438356164423,1.3429257705865893e-13,0.0,17.026438356164558,53193.0,53193.0,2.1316282072803006e-14,0.0,42746.5,51936.5,3187.000000000007,2,1728,1.0
P5_perfect_foresight,HOME APPLIANCES,hardware,36.441780821917824,3.3306690738754696e-15,0.0,36.441780821917824,439.0,439.0,2.220446049250313e-16,0.0,223.85714285714286,289.1428571428571,1773.5000000000007,1,1728,1.0
P5_perfect_foresight,HOME CARE,grocery,0.0,0.0,0.0,0.0,539852.0,539852.0,0.0,0.0,494432.0,539852.0,0.0,0,1728,1.0
P5_perfect_foresight,LADIESWEAR,hardware,4.493909001956952,0.0,0.0,4.493909001956952,19207.0,19207.0,0.0,0.0,14901.214285714286,18882.75,795.2857142857152,0,1408,1.0
P5_perfect_foresight,LAWN AND GARDEN,hardware,0.11397260273972908,0.0,0.0,0.11397260273972908,27114.0,27114.0,0.0,0.0,20968.0,27054.5,32.00000000000085,0,1632,1.0
P5_perfect_foresight,LINGERIE,hardware,0.7152152641878693,2.398081733190338e-14,0.0,0.7152152641878933,12091.0,12091.0,3.552713678800501e-15,0.0,9688.5,11913.07142857143,189.8571428571435,1,1728,1.0
P5_perfect_foresight,"LIQUOR,WINE,BEER",grocery,0.0,0.0,0.0,0.0,171405.0,171405.0,0.0,0.0,157080.0,171405.0,0.0,0,1728,1.0
P5_perfect_foresight,MAGAZINES,grocery,0.0,0.0,0.0,0.0,11901.0,11901.0,0.0,0.0,10699.0,11901.0,0.0,0,1728,1.0
P5_perfect_foresight,MEATS,perishable,1.0886877396543453e-13,3.12283532366564e-11,0.0,3.1337222010621837e-11,647039.448,647039.448,2.0818902157770935e-11,0.0,626713.8929999999,647039.448,3.97371024973836e-11,354,1728,1.0
P5_perfect_foresight,PERSONAL CARE,grocery,0.0,0.0,0.0,0.0,553526.0,553526.0,0.0,0.0,509524.0,553526.0,0.0,0,1728,1.0
P5_perfect_foresight,PET SUPPLIES,grocery,2.6700103315505818e-16,0.0,0.0,2.6700103315505818e-16,14606.0,14606.0,0.0,0.0,13005.0,14606.0,9.281464485866309e-14,0,1728,1.0
P5_perfect_foresight,PLAYERS AND ELECTRONICS,hardware,2.0410958904109786,2.398081733190338e-13,0.0,2.0410958904112184,20270.0,20270.0,1.5987211554602254e-14,0.0,15866.0,20115.0,74.50000000000071,2,1728,1.0
P5_perfect_foresight,POULTRY,perishable,9.456408867526366e-14,2.1095445390528767e-11,0.0,2.1190009479204032e-11,662687.824,662687.824,1.9532819806045154e-11,0.0,639619.736,662687.824,4.2092551666428335e-11,333,1728,1.0
P5_perfect_foresight,PREPARED FOODS,perishable,1.7366929812054227e-14,1.2875034371973015e-11,0.0,1.2892401301785069e-11,153149.389,153149.389,4.291678123991005e-12,0.0,147856.454,153149.389,8.451905841866392e-12,236,1728,1.0
P5_perfect_foresight,PRODUCE,perishable,1.3422716819312045e-13,6.430695975723212e-11,0.0,6.444118692542523e-11,4000823.327,4000823.327,1.190869625133928e-10,0.0,3867656.593,4000823.327,2.332996018594713e-10,328,1728,1.0
P5_perfect_foresight,SCHOOL AND OFFICE SUPPLIES,grocery,0.08044520547945204,0.0,0.0,0.08044520547945204,57898.0,57898.0,0.0,0.0,57643.96428571428,57889.892857142855,65.25,0,1728,1.0
P5_perfect_foresight,SEAFOOD,perishable,7.562900077884901e-15,2.5424662375428397e-12,0.0,2.550029137620725e-12,34560.872,34560.871999999996,9.685585666829866e-13,0.0,33444.0,34560.871999999996,2.1032064978498966e-12,164,1728,1.0
