policy,date,holding_cost,stockout_cost,waste_cost,total_cost,demand,sold,lost,expired,order_qty,received,on_hand_close,stockout_days,n,scored,fill_rate
P1_moving_avg_7d,2017-06-29,2230.714567577544,1372.1063571428572,0.0,3602.8209247204013,630811.83,630263.6388571429,548.1911428571428,0.0,4291.934857142855,0.0,1714306.9789285713,16,1728,False,0.9991309751707459
P1_moving_avg_7d,2017-06-30,1960.8501770658024,16381.629366428575,13273.188825000001,31615.66836849438,802273.133,790913.4923571429,11359.640642857144,10373.234071428573,198150.94507142858,576993.9061428572,1490014.158642857,122,1728,False,0.9858406817134967
P1_moving_avg_7d,2017-07-01,904.7333064772505,107470.11510160714,15.75,108390.59840808439,1207529.903,1105609.4145714287,101920.48842857144,3.0,508152.8778571428,193387.61821428573,577789.3622857142,488,1728,False,0.9155958886191066
P1_moving_avg_7d,2017-07-02,358.94630373972603,391445.56426982145,9.0,391813.5105735612,1296379.238,797113.3785,499265.8595,1.7142857142857144,1173822.9301428571,303170.24685714283,83844.51635714284,785,1728,False,0.6148766928184946
P1_moving_avg_7d,2017-07-03,366.05562156849317,287589.13627875,72.375,288027.5669003185,925143.434,512150.4947142857,412992.9392857143,13.785714285714286,873106.0847857143,516397.29814285715,88077.53407142857,710,1728,False,0.553590368684696
P1_moving_avg_7d,2017-07-04,847.705625505137,24181.835305714285,60.75000000000001,25090.29093121942,832359.335,798465.2515,33894.08349999999,11.571428571428571,574953.1375714286,1185755.7365,475356.44764285715,311,1728,False,0.9592795057677824
P1_moving_avg_7d,2017-07-05,874.3102662588063,17334.52946035714,300.5385,18509.378226615943,844301.57,819770.9468571428,24530.623142857137,61.92114285714289,855245.1135,863691.0984285714,519214.67807142856,199,1728,False,0.9709456620543094
P1_moving_avg_7d,2017-07-06,720.978334140411,25179.7558275,126.02667857142839,26026.760840211842,700271.998,676567.0567142857,23704.94128571429,34.410857142857104,862777.0211428571,555500.7493571428,398113.9598571428,186,1728,False,0.9661489516167769
P1_moving_avg_7d,2017-07-07,758.5697014520549,18214.977888214285,514.3421785714286,19487.88976823777,805792.309,792780.9824285714,13011.32657142857,247.1921428571429,702594.8217142856,893292.1357142858,498377.92100000003,206,1728,False,0.9838527540830269
P1_moving_avg_7d,2017-07-08,537.3360013757339,53539.443405,90.52735714285717,54167.306763518594,998347.297,958271.1971428571,40076.09985714286,24.422428571428576,792012.4668571429,784299.9641428571,324382.2655714286,431,1728,False,0.959857556606233
P1_moving_avg_7d,2017-07-09,272.5067046037182,102335.10203785714,153.64285714285714,102761.25159960373,1100833.338,955263.094,145570.244,47.57142857142857,874570.8068571428,744525.297,113596.89714285714,605,1728,False,0.8677635942017592
P1_moving_avg_7d,2017-07-10,297.5158175812133,37264.17487285715,248.43525000000017,37810.12594043836,804158.87,760580.9937142857,43577.876285714294,63.51328571428577,877074.9648571429,799300.5392857143,152252.92942857143,394,1729,False,0.9458093693778267
P1_moving_avg_7d,2017-07-11,484.37576029598824,21458.92366714285,63.01199999999991,22006.31142743884,730534.748,704164.8512857143,26369.896714285707,13.182142857142837,712442.9391428571,872716.08,320790.97599999997,240,1729,False,0.9639032957891748
P1_moving_avg_7d,2017-07-12,623.5711881364971,13780.289001428575,173.49439285714305,14577.354582422215,748799.928,731472.7345714286,17327.19342857143,35.31185714285718,663523.1174285715,839227.5604285714,428510.49,203,1729,False,0.9768600492859937
P1_moving_avg_7d,2017-07-13,706.385171512231,14063.178032142856,926.5804285714285,15696.143632226516,629651.362,620112.1761428572,9539.185857142857,212.23099999999997,693672.0951428572,695876.4547142857,504062.5375714286,181,1729,False,0.9848500512619507
P1_moving_avg_7d,2017-07-14,604.7475919197652,25477.628855357143,189.82885714285692,26272.205304419767,765489.605,743325.3841428572,22164.220857142856,41.63471428571425,595268.3165714286,702490.6484285714,463186.16714285716,254,1729,False,0.9710456932238253
P1_moving_avg_7d,2017-07-15,307.95211459295496,79721.40427607144,103.24982142857142,80132.60621209296,969077.148,893975.2435714286,75101.90442857143,31.12785714285711,727868.3794285714,622519.0931428571,191698.88885714285,590,1729,True,0.9225016247843959
P1_moving_avg_7d,2017-07-16,168.78318580528375,235709.81129142857,82.0000714285714,235960.59454866243,1100803.71,771187.6564285714,329616.0535714286,19.965999999999994,884464.7191428571,654163.9824285714,74655.24885714285,825,1729,True,0.7005678209683464
P1_moving_avg_7d,2017-07-17,198.1001364838552,75156.32156785714,66.00000000000001,75420.421704341,818325.516,723284.4208571429,95041.09514285716,12.571428571428573,771931.2205714287,746485.0048571428,97843.26142857144,603,1729,True,0.8838590594028878
P1_moving_avg_7d,2017-07-18,392.2616075264188,19107.632588571425,142.33050000000003,19642.224696097845,730133.72,706557.9097142857,23575.810285714284,27.110571428571433,731519.0525714286,874653.2338571429,265911.475,298,1729,True,0.9677102842398316
P1_moving_avg_7d,2017-07-19,424.4210901594912,20942.278939285716,211.79400000000004,21578.494029445206,767978.775,742802.4647142857,25176.310285714288,40.341714285714296,708672.1411428571,762722.7714285714,285791.44,246,1729,True,0.9672174399797516
P1_moving_avg_7d,2017-07-20,438.4965302015656,13478.211951428568,173.83800000000005,14090.546481630134,688288.062,679252.3641428571,9035.697857142855,33.112000000000016,751250.8905714286,705226.9041428571,311732.868,218,1729,True,0.9868722147658826
P1_moving_avg_7d,2017-07-21,378.7840469970646,39780.752837142856,340.5831428571427,40500.12002699706,782418.274,756648.7518571429,25769.522142857135,161.50971428571418,702469.4421428571,747810.921,302733.5274285714,363,1729,True,0.9670642634519333
P1_moving_avg_7d,2017-07-22,197.82655283268102,85095.48737464285,62.85000000000005,85356.16392747553,932902.066,864429.1844285715,68472.88157142857,16.257142857142867,763722.3671428572,697499.6392857142,135787.72514285715,648,1729,True,0.9266022832760791
P1_moving_avg_7d,2017-07-23,148.1770074403131,180193.3709614286,88.86449999999999,180430.4124688689,1024288.679,794831.9851428572,229456.69385714288,16.926571428571428,848721.3420000001,741449.5784285715,82388.39185714285,793,1729,True,0.7759843503482255
P1_moving_avg_7d,2017-07-24,198.17255358708417,64479.95406107143,129.7210714285714,64807.84768608709,816564.335,740879.3002857143,75685.03471428572,29.05571428571428,764512.692,775009.9362857143,116489.97214285715,570,1729,True,0.9073128332083157
P1_moving_avg_7d,2017-07-25,390.44098285714284,24397.573821428567,259.5145714285714,25047.529375714283,713581.639,686255.9152857143,27325.723714285712,67.73471428571428,738601.3872857143,839419.5872857143,269585.9094285714,332,1729,True,0.9617062404344099
P1_moving_avg_7d,2017-07-26,453.10607303131115,26060.804019642852,215.56146428571432,26729.471556959877,740652.986,715779.4194285715,24873.56657142856,43.774571428571434,678793.3885714286,755916.5954285715,309679.31085714285,267,1729,True,0.9664167065527384
P1_moving_avg_7d,2017-07-27,533.353290851272,33821.86194857143,475.1826428571428,34830.39788227984,659849.856,631806.596,28043.260000000002,129.03342857142857,704538.3545714286,712764.3027142857,390507.98414285714,223,1729,True,0.9575005438813038
P1_moving_avg_7d,2017-07-28,400.5443754192759,50010.37547035715,336.80699999999996,50747.72684577642,835099.674,794717.4001428571,40382.27385714286,71.01085714285713,620094.9602857142,712844.1794285714,308563.75257142854,344,1729,True,0.9516437676670164
P1_moving_avg_7d,2017-07-29,142.35176758463797,155412.30088928572,36.0,155590.65265687034,1032310.901,872337.7445714286,159973.15642857144,6.857142857142858,816455.4377142857,640596.123,76815.27385714286,738,1729,True,0.845033936701041
P1_moving_avg_7d,2017-07-30,114.34196275978474,297648.596835,54.0,297816.93879775977,1123752.506,717638.857,406113.649,10.285714285714285,914178.2802857142,689776.161,48942.29214285714,870,1729,True,0.6386093496284492
P1_moving_avg_7d,2017-07-31,147.8172333473581,86965.72901035714,101.06775000000005,87214.6139937045,885856.848,792357.2137142858,93499.63428571427,19.25100000000001,760354.4125714286,816529.2918571428,73095.11928571427,661,1729,True,0.8944528853653856
P1_moving_avg_7d,2017-08-01,203.37195161594911,107427.93091500002,120.14892857142834,107751.4517951874,988527.809,864015.2729999999,124512.53600000002,32.20399999999993,821823.2588571429,907846.2321428572,116893.87442857142,651,1729,True,0.874042454985705
P1_moving_avg_7d,2017-08-02,146.73078057191782,125038.23325607144,47.25,125232.21403664336,964711.931,802842.8565714286,161869.07442857145,9.0,974584.6037142857,757989.0147142857,72031.03257142857,660,1729,True,0.8322099382965219
P1_moving_avg_7d,2017-08-03,296.61111512720163,31231.607667857144,102.0375,31630.256282984345,728068.476,704151.8062857143,23916.669714285716,19.435714285714283,893171.6935714285,841292.9022857143,209152.69285714292,328,1729,True,0.9671505215475285
P1_moving_avg_7d,2017-08-04,471.27416898287674,41401.07644928571,194.3447142857143,42066.6953325543,827775.644,803711.6112857143,24064.03271428571,47.53157142857144,731028.7552857143,975477.517,380871.06700000004,379,1729,True,0.970929281516423
P1_moving_avg_7d,2017-08-05,391.2849387103718,63247.12711821428,74.53885714285721,63712.950914067515,965693.629,923418.1634285714,42275.46557142857,17.075428571428585,800533.6094285714,835526.3877142858,292962.2158571429,610,1729,True,0.9562226939249813
P1_moving_avg_7d,2017-08-06,256.97331903669277,111353.07371249999,53.99999999999999,111664.04703153668,1049559.127,912492.8185714285,137066.3084285714,10.285714285714285,895234.1351428571,773830.0988571428,154289.21042857142,730,1729,True,0.8694058248815826
P1_moving_avg_7d,2017-08-07,317.1005827235812,29479.50141214287,75.49049999999995,29872.09249486645,797464.941,766524.5765714286,30940.364428571454,14.37914285714285,882630.5761428572,812257.2151428572,200007.46985714286,427,1729,True,0.9612015991702745
P1_moving_avg_7d,2017-08-08,561.6301418336595,19574.132244642857,196.43646428571432,20332.19885076223,717766.377,698347.6238571429,19418.75314285714,40.87657142857144,730022.7117142857,897693.8654285714,399312.8348571429,275,1729,True,0.9729455798361295
P1_moving_avg_7d,2017-08-09,728.4204444452055,11400.901354285714,163.78210714285723,12293.103905873777,734139.677,723798.9057142857,10340.771285714287,36.529000000000025,591905.7934285714,847700.0518571428,523177.452,195,1729,True,0.9859144361629235
P1_moving_avg_7d,2017-08-10,779.4953200547945,11882.077391785715,390.5079749999998,13052.080686840509,651386.951,642638.0368571428,8748.914142857144,152.91299999999998,632919.426,701425.5697142857,581812.0718571428,199,1729,True,0.9865687912086265
P1_moving_avg_7d,2017-08-11,544.1939762289628,49122.97590642857,277.1206071428572,49944.29048980039,826373.674,795018.0114285714,31355.66257142857,117.54814285714289,610789.07,629571.8104285714,416248.3227142857,368,1729,True,0.9620563147665948
P1_moving_avg_7d,2017-08-12,363.61587285714285,61002.723804642854,70.75735714285712,61437.09703464286,792630.523,741431.6968571428,51198.82614285714,16.783714285714282,792950.61,580685.5087142857,255485.35085714285,502,1729,True,0.93540644139078
P1_moving_avg_7d,2017-08-13,246.06659308414874,60065.663765357145,404.32562142857137,60716.05597986987,865639.711,790832.9198571428,74806.79114285714,207.0254285714286,672928.8448571429,681160.8227142857,145606.2282857143,527,1729,True,0.9135820709329067
P1_moving_avg_7d,2017-08-14,277.9429290171233,30062.489478214276,140.45303571428582,30480.885442945688,760922.414,729059.4837142858,31862.930285714272,29.12914285714287,718274.82,743238.1665714287,159755.782,464,1729,True,0.9581259144171902
P1_moving_avg_7d,2017-08-15,279.7452117695695,42479.34072107143,61.87949999999992,42820.965432841,762661.9079999999,709697.7625714286,52964.145428571435,11.786571428571413,713992.3085714285,708602.7091428571,158648.94199999998,414,1729,True,0.930553571808163
P2_model_P50,2017-06-29,2230.714567577544,1372.1063571428572,0.0,3602.8209247204013,630811.83,630263.6388571429,548.1911428571428,0.0,5840.858497667704,0.0,1714306.9789285713,16,1728,False,0.9991309751707459
P2_model_P50,2017-06-30,1960.8917427491353,11711.14902046243,13273.188825000001,26945.229588211565,802273.133,794147.3375765434,8125.795423456601,10373.234071428573,455877.5320835401,580023.7012831275,1489810.108563727,112,1728,False,0.989871534905985
P2_model_P50,2017-07-01,909.1892512423924,44626.6314897305,0.27448381852978565,45536.095224791425,1207529.903,1166690.767394158,40839.135605841984,0.05228263210091155,984334.3185771777,259679.05885626603,582798.3477432029,413,1728,False,0.9661796072259737
P2_model_P50,2017-07-02,382.68045713983304,179541.45412560622,8.105407119480194,179932.2399898655,1296379.238,1085301.1236923158,211078.11430768418,1.5438870703771799,894063.0575392751,615520.513236771,113016.19340058773,573,1728,False,0.8371787297108162
P2_model_P50,2017-07-03,388.669899360206,56400.45336482912,126.00752119964174,56915.13078538897,925143.434,858023.1825405342,67120.2514594658,43.03172336188698,674988.806612377,855936.6648164821,110886.64395317371,547,1728,False,0.9274488160508678
P2_model_P50,2017-07-04,503.1394673031848,17403.094977699577,33.106182639896005,17939.34062764266,832359.335,815456.9590354501,16902.375964549898,6.305939550456383,731393.4036995131,914433.1204001344,209856.49937830752,385,1728,False,0.9796934145460747
P2_model_P50,2017-07-05,399.4683254318034,65647.07108600932,51.755125085557964,66098.2945365267,844301.57,775823.2731923052,68478.29680769477,12.688644879445924,703340.0542391589,694430.3698428937,128450.90738401655,526,1728,False,0.9188935574196613
P2_model_P50,2017-07-06,353.3050953243594,47928.35061231675,11.252992394419811,48292.908700035536,700271.998,652049.9490657588,48222.0489342412,2.1434271227466306,917825.8945054509,630886.6344617084,107285.44935284341,504,1728,False,0.9311381162291724
P2_model_P50,2017-07-07,347.66654880675753,37522.07497734545,76.71364107703988,37946.455167229244,805792.309,765366.4157525772,40425.89324742279,22.612665681197928,1057558.878447854,784921.2176972406,126817.63863182561,434,1728,False,0.9498308772671312
P2_model_P50,2017-07-08,300.4692771944639,57801.21196300365,12.707065591956935,58114.38830579007,998347.297,942251.6892559497,56095.60774405036,2.420393446087035,850268.6123517628,941910.7657593371,126474.29474176704,535,1728,False,0.943811529402027
P2_model_P50,2017-07-09,305.99751646800036,44250.80967646709,19.240437743096336,44576.04763067819,1100833.338,1057949.5383803751,42883.79961962498,5.227670632084522,674757.721673879,1108936.3561810371,177455.8848717971,508,1728,False,0.961044239723393
P2_model_P50,2017-07-10,245.30130142845343,47672.191363822996,117.54973794911744,48035.04240320057,804158.87,754285.7062978329,49873.1637021671,22.926949031157758,643971.9401822282,725461.4774425826,148608.7290675157,585,1729,False,0.9379809567950583
P2_model_P50,2017-07-11,196.48953496341923,57902.37713013307,8.269361347677524,58107.13602644416,730534.748,677100.5168397189,53434.23116028104,1.5751164471766712,674198.0442900022,651988.6364637143,123495.27357506382,635,1729,False,0.9268560033501911
P2_model_P50,2017-07-12,166.35543420939035,41941.41743969035,34.66594061763514,42142.43881451737,748799.928,710792.7088734723,38007.21912652768,10.042570601641245,654393.2196556196,697127.7511444984,109820.27327548816,612,1729,False,0.9492424909440861
P2_model_P50,2017-07-13,161.2036675905009,40998.42389063906,62.23729195655392,41221.86485018612,629651.362,591342.9199783341,38308.44202166596,17.094267320118945,895721.2006728296,581930.8078493421,100391.06687917608,581,1729,False,0.9391592803039692
P2_model_P50,2017-07-14,164.0423051051349,43400.76340436573,37.344604124508415,43602.150313595375,765489.605,716813.7633736718,48675.84162632825,9.950413124148405,1023341.6349943012,724747.9411922471,108315.29428462729,563,1729,False,0.9364121454969616
P2_model_P50,2017-07-15,193.75856922474784,41309.11275879669,47.55563284750642,41550.42696086895,969077.148,920972.0772455476,48105.0707544524,9.058215780477413,815640.5992829613,945817.6164722092,133151.7752955084,522,1729,True,0.9503599162835151
P2_model_P50,2017-07-16,205.7060320672901,52073.68777124553,150.34358576951468,52429.73738908234,1100803.71,1041776.3196157234,59027.39038427652,64.55982997082225,678672.9940751536,1048229.3172493969,139540.213099211,545,1729,True,0.9463779147471473
P2_model_P50,2017-07-17,164.80793214470873,43394.82913034961,94.34541343127106,43653.982475925586,818325.516,763117.205617096,55208.310382903976,17.970554939289723,683890.6593761975,727421.0131222319,103826.05004940763,537,1729,True,0.9325350251171882
P2_model_P50,2017-07-18,143.52225283632424,36766.69354537254,116.71560846831999,37026.931406677184,730133.72,687985.1548697653,42148.565130234725,28.913224652989776,674410.3895079105,675158.9065036414,90970.88845863071,482,1729,True,0.9422728139028633
P2_model_P50,2017-07-19,124.95148465570863,39341.579202101195,29.154537080728986,39495.68522383763,767978.775,725819.1826854622,42159.59231453781,5.905370993981946,664813.4230204728,712905.7281292989,78051.5285314734,492,1729,True,0.945103180339147
P2_model_P50,2017-07-20,98.97231837916996,52916.06357185273,55.89069660331981,53070.926586835216,688288.062,623287.5744652525,65000.48753474757,10.645846972060916,890704.839842508,601007.7732507115,55761.08146996042,593,1729,True,0.9055620878475332
P2_model_P50,2017-07-21,101.55861140240505,55992.384080771044,73.76724312124232,56167.7099352947,782418.274,720421.1087570767,61997.16524292336,14.050903451665201,973989.874257114,725687.4755479153,61013.39735734742,629,1729,True,0.920762120079364
P2_model_P50,2017-07-22,154.590983938326,45482.24821696952,59.8342641692029,45696.67346507705,932902.066,888398.830125967,44503.23587403299,14.590707397459559,788938.6415683518,934891.2915261572,107491.26805014006,532,1729,True,0.9522959188365299
P2_model_P50,2017-07-23,179.30639641750662,60264.59099592312,55.22058107534247,60499.11797341597,1024288.679,962561.3878987053,61727.291101294686,10.562539805561915,644983.9518355286,989488.4787132883,134407.79632491752,545,1729,True,0.9397364313724933
P2_model_P50,2017-07-24,120.53717100897889,62815.75901210211,166.22735703027473,63102.52354014137,816564.335,751229.7078382488,65334.627161751225,43.15229328440715,651231.3429312246,698081.2585416193,81216.19473500366,655,1729,True,0.9199883899389859
P2_model_P50,2017-07-25,106.58080445768314,52407.00035317614,232.11445823022902,52745.69561586405,713581.639,654928.6114169135,58653.02758308654,69.81446725883868,680290.2051353125,644494.7097208973,70712.47857172866,654,1729,True,0.9178047410731003
P2_model_P50,2017-07-26,118.19709734894181,52195.75747232232,122.03619496849396,52435.990764639755,740652.986,686885.2004440491,53767.78555595086,31.199106610208528,622534.803968924,699942.192047687,83738.27106875631,567,1729,True,0.9274048892365488
P2_model_P50,2017-07-27,102.85755702242453,63585.51937499511,181.57536485933625,63869.952296876865,659849.856,598942.1858747576,60907.67012524244,43.854941788673614,854844.0377353699,583531.2980692314,68283.52832144157,607,1729,True,0.9076946526980185
P2_model_P50,2017-07-28,74.8400173904275,101388.84437713222,84.31859392944982,101548.00298845209,835099.674,715933.2059161122,119166.46808388777,17.91487300934058,993830.5736843289,688005.3177502203,40337.72528254029,709,1729,True,0.85730270075056
P2_model_P50,2017-07-29,73.30470546931564,122757.79198558255,15.131607540674928,122846.22829859254,1032310.901,896872.0388931981,135438.86210680185,2.8822109601285577,816218.3164561571,898679.0479749339,42141.85215331587,787,1729,True,0.8688003178348672
P2_model_P50,2017-07-30,98.70686879528965,103892.69160841347,35.018531741707946,104026.41700895046,1123752.506,1012986.098026315,110766.40797368504,6.670196522230085,763380.7074715429,1036810.5229399598,65959.6068704384,686,1729,True,0.9014316698896998
P2_model_P50,2017-07-31,65.63026458742908,123230.53354335752,70.15475963579964,123366.31856758075,885856.848,744909.9153017629,140946.93269823716,16.52267430762024,915388.2449246221,718583.1889337702,39616.357828138076,822,1729,True,0.8408919759253957
P2_model_P50,2017-08-01,43.93109826839174,154766.34118212716,41.465782415517324,154851.73806281105,988527.809,805936.4774425242,182591.33155747587,8.563563978356331,791388.9354206899,787241.2746674264,20912.591489062,898,1729,True,0.8152896358654935
P2_model_P50,2017-08-02,123.7549729564196,67368.87154426386,112.50876198051975,67605.1352792008,964711.931,901922.8814467196,62789.04955328033,30.685806080234016,783624.0999799694,978900.4011659496,97859.42540221175,671,1729,True,0.9349141981812181
P2_model_P50,2017-08-03,132.533732763804,43965.08313330674,56.97670342263457,44154.593569493176,728068.476,687129.4707029188,40939.00529708113,13.795754571152925,1046680.2317704058,691087.9922868703,101804.15123159195,517,1729,True,0.9437703915955824
P2_model_P50,2017-08-04,221.6584870842847,38637.21663106675,52.44486173828714,38911.31997988932,827775.644,788160.6770432708,39614.966956729164,13.663602041288268,1041951.1259577178,853298.0312368824,166927.84182316222,450,1729,True,0.9521428695759871
P2_model_P50,2017-08-05,348.32943661374424,24515.23734211892,78.12733175347795,24941.69411048614,965693.629,951809.5335921793,13884.095407820758,15.639259270905528,802553.9810679009,1057234.1871016726,272336.8560733846,420,1729,True,0.9856226705956442
P2_model_P50,2017-08-06,381.04575925174487,27856.6617478012,341.870894661465,28579.578401714414,1049559.127,1031640.2054435291,17918.92155647099,97.2669198941678,662492.8400953457,1064832.5777825685,305431.96149253,422,1729,True,0.9829271919080067
P2_model_P50,2017-08-07,306.40256264949585,30704.54505915009,290.8976215050765,31301.84524330466,797464.941,774149.5605036148,23315.38049638515,80.85634557677534,636961.7197457796,714494.7193811585,245696.26402449684,486,1729,True,0.9707631278847841
P2_model_P50,2017-08-08,246.59816866809336,33087.656265346406,48.36533656421824,33382.61977057872,717766.377,692615.5964057533,25150.780594246764,12.484903725723655,683416.6149646223,642728.083981786,195796.2666968039,513,1729,True,0.9649596562333167
P2_model_P50,2017-08-09,222.68738070982786,30720.669787709045,11.667612369333524,30955.024780788204,734139.677,709826.4372693931,24313.23973060685,3.2634499463978752,676548.2493968111,692871.8104787957,178838.37645626,497,1729,True,0.9668819974014197
P2_model_P50,2017-08-10,208.77484288065642,41988.41572725192,46.703513804055724,42243.89408393663,651386.951,616017.4601065011,35369.49089349887,8.89590739124871,878151.4464402603,600173.6986180354,162985.71906040303,536,1729,True,0.9457012596902653
P2_model_P50,2017-08-11,195.88610358156075,73933.47687876508,20.692176117890483,74150.05515846453,826373.674,756568.9069508462,69804.76704915376,3.9413668795981875,1001473.7669994652,735401.3549068085,141814.22564948568,679,1729,True,0.9155288106998024
P2_model_P50,2017-08-12,374.57021917219515,39502.36096838775,81.04653104223505,39957.97771860218,792630.523,758728.3417687737,33902.18123122631,15.437434484235247,845889.7588005986,916358.9515166535,299429.3979628812,416,1729,True,0.9572282668311698
P2_model_P50,2017-08-13,578.1571454100712,19869.35008383512,6094.135729772214,26541.642959017405,865639.711,852532.4218531218,13107.28914687812,2112.088923140683,527683.4554462106,1040261.796556725,485046.68374334375,317,1729,True,0.9848582626463191
P2_model_P50,2017-08-14,545.1360740937353,20146.417418676607,470.1594968652156,21161.712989635555,760922.414,749382.143216223,11540.270783777003,204.14402308599023,529778.0624677046,718324.2756315937,453784.67213562847,388,1729,True,0.984833840387074
P2_model_P50,2017-08-15,322.17094250948753,45351.30874181328,15.242008496718007,45688.72169281948,762661.9079999999,714975.3574329435,47686.5505670564,3.8020467631185726,714206.4381315234,518281.4410655523,257086.95372147404,540,1729,True,0.9374735383177727
P3_newsvendor_q*,2017-06-29,2230.714567577544,1372.1063571428572,0.0,3602.8209247204013,630811.83,630263.6388571429,548.1911428571428,0.0,150356.72157704798,0.0,1714306.9789285713,16,1728,False,0.9991309751707459
P3_newsvendor_q*,2017-06-30,1960.9091907634158,11711.14902046243,13273.188825000001,26945.247036225846,802273.133,794147.3375765434,8125.795423456601,10373.234071428573,908060.2279331768,580054.0275936627,1489840.4348742622,112,1728,False,0.989871534905985
P3_newsvendor_q*,2017-07-01,1105.1331110681817,35420.83804292688,0.27448381852978565,36526.24563781359,1207529.903,1172994.3848296248,34535.51817037519,0.05228263210091155,997651.9396609955,370333.6290857327,687179.6268477379,360,1728,False,0.9713998650595942
P3_newsvendor_q*,2017-07-02,873.873092010423,27709.316573580192,8.105407119480194,28591.295072710094,1296379.238,1267279.1966661876,29100.041333812365,1.5438870703771799,891191.9895835079,1066241.9085051988,486140.79479967867,261,1728,False,0.9775528329359033
P3_newsvendor_q*,2017-07-03,833.0470613350359,27583.420922111967,126.00752119964174,28542.475504646645,925143.434,898206.3762277014,26937.057772298533,43.03172336188698,806932.5729164275,863748.5292338048,451639.9160824201,306,1728,False,0.9708833713969821
P3_newsvendor_q*,2017-07-04,918.777602448327,9573.04089147533,33.106182639896005,10524.924676563553,832359.335,823757.4173141613,8601.917685838684,6.305939550456383,765328.9830912942,903953.5065961573,531829.6994248655,184,1728,False,0.9896656199742884
P3_newsvendor_q*,2017-07-05,905.1030137548858,14059.071663243514,51.755125085557964,15015.929802083958,844301.57,831568.9858693704,12732.584130629606,12.688644879445924,715655.7352159135,822724.8331002154,522972.8580108312,228,1728,False,0.9849193883050228
P3_newsvendor_q*,2017-07-06,1026.7943937580676,24105.16500303074,11.252992394419811,25143.212389183227,700271.998,676595.6897644188,23676.3082355813,2.1434271227466306,998260.5651030251,685086.3180259954,531461.3428452852,259,1728,False,0.9661898400861357
P3_newsvendor_q*,2017-07-07,1039.1638768170985,13784.456396955691,76.71364107703988,14900.333914849829,805792.309,792392.3816852459,13399.92731475408,22.612665681197928,1100577.8396062632,799588.1623494705,538634.5108438287,195,1728,False,0.983370494896652
P3_newsvendor_q*,2017-07-08,1097.063027835694,20600.959146937337,12.707065591956935,21710.729240364988,998347.297,978635.6108928184,19711.686107181602,2.420393446087035,879861.0524042178,1029099.1564260662,589095.6359836303,187,1728,False,0.9802556823998877
P3_newsvendor_q*,2017-07-09,1173.5806401797822,13489.904997944626,19.240437743096336,14682.726075867506,1100833.338,1087943.6382046044,12889.699795395538,5.227670632084522,714390.2655014077,1158118.5517992682,659265.321907662,172,1728,False,0.9882909616283845
P3_newsvendor_q*,2017-07-10,1141.8946494934175,24285.92337913411,117.54973794911744,25545.367766576644,804158.87,778923.3896616148,25235.48033838517,22.926949031157758,661222.5941563572,757195.7245504942,637514.7298475102,228,1729,False,0.9686187875557659
P3_newsvendor_q*,2017-07-11,1120.3076638997204,20773.572002684414,8.269361347677524,21902.149027931813,730534.748,709712.4605348861,20822.28746511384,1.5751164471766712,700528.9178654838,694837.5093448985,622638.2035410755,246,1729,False,0.9714971977416278
P3_newsvendor_q*,2017-07-12,1099.1672845895687,13871.37769417566,34.66594061763514,15005.210919382864,748799.928,732810.319376941,15989.608623059026,10.042570601641245,689434.8664602183,717250.9199857939,607068.7615793267,219,1729,False,0.9786463539522949
P3_newsvendor_q*,2017-07-13,1101.2681186185443,12821.755459751888,62.23729195655392,13985.260870326987,629651.362,616116.9802220066,13534.38177799349,17.094267320118945,916613.0482280807,608319.4314922409,599254.118582241,223,1729,False,0.9785049591014884
P3_newsvendor_q*,2017-07-14,1123.8080588227197,12881.216652798976,37.344604124508415,14042.369315746202,765489.605,751713.1038748233,13776.501125176635,9.950413124148405,1064111.157245156,759756.484138827,607287.5484331204,199,1729,False,0.9820030199819936
P3_newsvendor_q*,2017-07-15,1159.2640915471584,12699.189619688332,47.55563284750642,13906.009344082997,969077.148,949486.5816681556,19590.56633184435,9.058215780477413,871777.6474371827,967871.8617405692,625663.7702897534,166,1729,True,0.9797843067785927
P3_newsvendor_q*,2017-07-16,1163.3560052860335,9217.372899068456,150.34358576951468,10531.072490124005,1100803.71,1091267.8407607416,9535.869239258354,64.55982997082225,713296.1837811704,1088546.0230289341,622877.3927279752,168,1729,True,0.9913373572848347
P3_newsvendor_q*,2017-07-17,1149.464848556857,13064.351730261918,94.34541343127106,14308.161992250047,818325.516,804577.2295711973,13748.286428802734,17.970554939289723,719271.4698044598,780729.083479798,599011.2760816367,229,1729,True,0.9831994894941015
P3_newsvendor_q*,2017-07-18,1137.5117541911923,9894.714228394852,116.71560846831999,11148.941591054365,730133.72,718618.7758832633,11514.944116736675,28.913224652989776,715174.41448432,712101.1304384122,592464.7174121325,174,1729,True,0.9842289928525193
P3_newsvendor_q*,2017-07-19,1125.374345747506,8388.808234455466,29.154537080728986,9543.337117283701,767978.775,760050.3916023051,7928.38339769494,5.905370993981946,683022.379907281,752217.78005706,584626.2004958935,163,1729,True,0.9896762988043584
P3_newsvendor_q*,2017-07-20,1081.0277979905236,10672.411538360444,55.89069660331981,11809.330032954287,688288.062,676327.2985496338,11960.763450366221,10.645846972060916,927434.4247978487,640779.5460202369,549067.8021195246,206,1729,True,0.9826224452947635
P3_newsvendor_q*,2017-07-21,1056.7220849458006,13485.713599452396,73.76724312124232,14616.20292751944,782418.274,770483.0474531854,11935.226546814605,14.050903451665201,1036294.7529346969,745992.6535712347,524563.3573341222,201,1729,True,0.9847457211271441
P3_newsvendor_q*,2017-07-22,1132.3517138316522,10201.03557939414,59.8342641692029,11393.221557394996,932902.066,924419.972037375,8482.093962625017,14.590707397459559,838834.6413901551,976222.3423402215,576351.1369295713,152,1729,True,0.9909078409494861
P3_newsvendor_q*,2017-07-23,1167.3429088937849,16361.222515234334,55.22058107534247,17583.786005203463,1024288.679,1008001.264650885,16287.414349115033,10.562539805561915,668342.2890444801,1050698.298245815,619037.6079846959,198,1729,True,0.9840988046797352
P3_newsvendor_q*,2017-07-24,1099.0884070210554,19454.497014673994,166.22735703027473,20719.812778725325,816564.335,798721.3429438665,17842.992056133473,43.15229328440715,683550.9426844411,745374.2162463972,565647.3289939422,254,1729,True,0.9781487002415634
P3_newsvendor_q*,2017-07-25,1059.2766538181534,15492.989059189274,232.11445823022902,16784.380171237655,713581.639,697213.4317613685,16368.20723863143,69.81446725883868,733576.0750844569,667601.6909434774,535965.7737087923,227,1729,True,0.9770618996565417
P3_newsvendor_q*,2017-07-26,1060.7734688447492,14879.964859496582,122.03619496849396,16062.774523309825,740652.986,724650.274873888,16002.711126111952,31.199106610208528,667465.0974745804,733963.5336410572,545247.8333693512,170,1729,True,0.9783937803146696
P3_newsvendor_q*,2017-07-27,1038.1136097423494,13106.086378913411,181.57536485933625,14325.775353515097,659849.856,647937.9597301969,11911.896269803146,43.854941788673614,905612.1871201182,634461.5759802966,531727.5946776622,207,1729,True,0.9819475655537566
P3_newsvendor_q*,2017-07-28,959.6161183097029,28594.227074436865,84.31859392944982,29638.161786676017,835099.674,805155.1431204624,29944.530879537546,17.91487300934058,1065937.227538849,732188.3969311994,458742.93361538986,239,1729,True,0.9641425666757744
P3_newsvendor_q*,2017-07-29,919.9621106410817,42841.598723355746,15.131607540674928,43776.6924415375,1032310.901,986172.5932400892,46138.30775991081,2.8822109601285577,915243.6730952654,951533.7826864443,424101.2408507849,252,1729,True,0.9553058020454723
P3_newsvendor_q*,2017-07-30,936.9350298171363,27790.89973890056,35.018531741707946,28762.853300459403,1123752.506,1094834.4733917108,28918.032608289323,6.670196522230085,843517.4029547763,1109853.3184531012,439113.41571565316,221,1729,True,0.9742665467227983
P3_newsvendor_q*,2017-07-31,901.478226337619,43031.19736998305,70.15475963579964,44002.83035595647,885856.848,838137.6751445467,47719.1728554533,16.52267430762024,1049612.3873748984,815992.5655101684,416951.7834069673,309,1729,True,0.9461321849425345
P3_newsvendor_q*,2017-08-01,819.9472636397322,56894.7275019109,41.465782415517324,57756.14054796615,988527.809,926168.8353059363,62358.97369406374,8.563563978356331,848763.375815815,868277.7227950093,359052.10733206203,364,1729,True,0.9369173298653617
P3_newsvendor_q*,2017-08-02,989.110116112803,25097.52216495877,112.50876198051975,26199.141043052092,964711.931,941270.5679335948,23441.363066405243,30.685806080234016,903398.0136616287,1101756.0372090219,519506.8908014088,231,1729,True,0.9757011784418314
P3_newsvendor_q*,2017-08-03,1032.0494933725436,8760.018210233653,56.97670342263457,9849.04440702883,728068.476,720504.365545821,7564.110454179018,13.795754571152925,1122216.030984137,758619.674577231,557608.4040782477,145,1729,True,0.9896107156077734
P3_newsvendor_q*,2017-08-04,1216.2628315594882,6391.992538825645,52.44486173828714,7660.70023212342,827775.644,822047.8962153281,5727.747784671865,13.663602041288268,1085689.9383550826,969889.4659478907,705436.3102087689,105,1729,True,0.9930805553096561
P3_newsvendor_q*,2017-08-05,1425.1670234986686,7437.854162153555,78.12733175347795,8941.148517405702,965693.629,960840.1893314087,4853.439668591287,15.639259270905528,834891.6372463396,1133786.864736858,878367.3463549474,115,1729,True,0.9949741413603224
P3_newsvendor_q*,2017-08-06,1494.1518931549833,10396.529026007998,341.870894661465,12232.551813824446,1049559.127,1043030.3192305098,6528.807769490191,97.2669198941678,651675.1844851957,1106098.7946947066,941338.5548992502,117,1729,True,0.9937794759708757
P3_newsvendor_q*,2017-08-07,1437.906796024069,6761.765450223203,290.8976215050765,8490.569867752349,797464.941,791514.3535127528,5950.587487247212,80.85634557677534,647641.1873693088,747364.1599704232,897107.5050113437,151,1729,True,0.9925381202591987
P3_newsvendor_q*,2017-08-08,1347.047302109079,9639.753745232043,48.36533656421824,11035.16638390534,717766.377,708657.956005635,9108.420994365062,12.484903725723655,709430.7723101948,633668.7204797195,822105.7845817026,180,1729,True,0.9873100478286057
P3_newsvendor_q*,2017-08-09,1308.5671419355433,8551.053547457206,11.667612369333524,9871.288301762082,734139.677,727367.9053107222,6771.771689277872,3.2634499463978752,687032.159929929,703545.1991768202,798279.8149978543,156,1729,True,0.9907759083163165
P3_newsvendor_q*,2017-08-10,1285.6239171453078,13461.020789639275,46.703513804055724,14793.34822058864,651386.951,640633.7134936352,10753.237506364841,8.89590739124871,915868.1648177211,623033.1219598912,780670.3275567191,183,1729,True,0.9834917824346088
P3_newsvendor_q*,2017-08-11,1222.9656480486083,26642.082579369522,20.692176117890483,27885.74040353602,826373.674,797229.5982169142,29144.075783085806,3.9413668795981875,1051726.7542710286,743816.0316645299,727252.819637455,246,1729,True,0.9647325699014393
P3_newsvendor_q*,2017-08-12,1428.8287532223328,11490.782984463147,81.04653104223505,13000.658268727715,792630.523,780121.5746151282,12508.948384871832,15.437434484235247,897036.5880354174,955346.805422304,902462.6130101467,110,1729,True,0.9842184371887078
P3_newsvendor_q*,2017-08-13,1693.41732124209,7060.80861272369,6094.135729772214,14848.361663737993,865639.711,858803.919462028,6835.791537972058,2112.088923140683,535234.8594874361,1093313.0366224959,1134859.641247474,84,1729,True,0.9921031909105981
P3_newsvendor_q*,2017-08-14,1717.6885268165665,7814.569685524638,470.1594968652156,10002.41770920642,760922.414,754472.8835939576,6449.530406042309,204.14402308599023,515468.96671432606,764485.0657547885,1144667.6793852185,124,1729,True,0.9915240630485064
P3_newsvendor_q*,2017-08-15,1479.5553642909786,20112.46205389469,15.242008496718007,21607.25942668239,762661.9079999999,740506.1631573658,22155.74484263421,3.8020467631185726,726185.4153227839,526372.022099677,930529.7362807667,245,1729,True,0.9709494539975974
P3b_newsvendor_q*_tuned,2017-06-29,2230.714567577544,1372.1063571428572,0.0,3602.8209247204013,630811.83,630263.6388571429,548.1911428571428,0.0,184786.2181391457,0.0,1714306.9789285713,16,1728,False,0.9991309751707459
P3b_newsvendor_q*_tuned,2017-06-30,2028.1097386035112,3281.715350472136,13273.188825000001,18583.013914075647,802273.133,799989.7601021667,2283.372897833368,10373.234071428573,995645.4121392085,631097.0202583676,1535041.0050133439,36,1728,False,0.9971538709151396
P3b_newsvendor_q*_tuned,2017-07-01,1224.3025396843136,7811.481130094401,37.91291392009267,9073.696583698807,1207529.903,1199719.1866820087,7810.716317991402,8.448272883170473,1007375.4667246591,460372.6292688806,795685.9993273327,130,1728,False,0.9935316580578365
P3b_newsvendor_q*_tuned,2017-07-02,987.1953699093191,13075.966706166142,117.70669091287769,14180.868766988338,1296379.238,1281363.2548134837,15015.983186516207,35.672230369532436,915905.1969527969,1077149.8765568247,591436.948840304,84,1728,False,0.9884169826649783
P3b_newsvendor_q*_tuned,2017-07-03,952.412720352039,9726.462788447185,813.4939686603358,11492.36947745956,925143.434,915722.1605380999,9421.273461900055,262.2575366107703,799578.1960614518,889746.0873465156,565198.6181121089,95,1728,False,0.9898164186053121
P3b_newsvendor_q*_tuned,2017-07-04,1021.7697860530454,3761.2716779901634,145.3202932844863,4928.361757327695,832359.335,829586.1852584709,2773.149741529049,46.104438445219664,773972.4699449508,896965.0252096128,632531.3536248055,63,1728,False,0.9966683262565572
P3b_newsvendor_q*_tuned,2017-07-05,1012.0178078878474,4219.224114061472,412.4018960530355,5643.643818002355,844301.57,839826.4743337624,4475.095666237611,128.33837100609594,722635.0581767894,831365.8619966806,623942.4029167177,54,1728,False,0.9946996478210532
P3b_newsvendor_q*_tuned,2017-07-06,1027.1484816024902,8525.731288499253,715.5568963201822,10268.436666421927,700271.998,693296.1075649046,6975.890435095372,309.6504727458827,1019669.866134557,676459.9100213845,606796.5549004517,44,1728,False,0.9900383130340513
P3b_newsvendor_q*_tuned,2017-07-07,1045.935792366102,4271.72298410971,530.6960656568403,5848.354842132651,805792.309,801210.1389502103,4582.170049789665,248.95781148168408,1118937.056468082,818376.2632891561,623713.7214279157,45,1728,False,0.9943134601824678
P3b_newsvendor_q*_tuned,2017-07-08,1100.9731490066238,12967.001113535895,481.49167256693397,14549.465935109452,998347.297,986773.9772417122,11573.319758287847,140.97448507428322,893076.089186989,1045088.1901113042,681886.9598124336,42,1728,False,0.988407521317416
P3b_newsvendor_q*_tuned,2017-07-09,1170.0172766811345,7895.406056725373,890.7978419085758,9956.221175315084,1100833.338,1094612.0072389029,6221.3307610971815,264.9482927676,721471.9778401348,1169304.8649182005,756314.8691989636,37,1728,False,0.9943485262061557
P3b_newsvendor_q*_tuned,2017-07-10,1128.2259033853725,13208.525597557003,1603.817366735107,15940.568867677484,804158.87,791368.89974986,12789.97025014,533.8857647800515,656628.06563891,763510.4035060725,727922.4871903961,53,1729,False,0.9840952195800067
P3b_newsvendor_q*_tuned,2017-07-11,1088.5384504017034,10376.856593080163,547.4428287106009,12012.83787219247,730534.748,720955.2391441604,9579.508855839635,214.94840209607875,713312.2291350261,690881.8304910959,697634.1301352355,52,1729,False,0.9868869908213598
P3b_newsvendor_q*_tuned,2017-07-12,1070.305526430459,4490.805984797084,462.2025556605477,6023.3140668880915,748799.928,742542.526197285,6257.401802714915,146.49632464771253,701007.256153808,730389.6148716208,685334.7224849235,33,1729,False,0.991643426276191
P3b_newsvendor_q*_tuned,2017-07-13,1074.8649915854703,2577.726235967028,1031.5062091437776,4684.097436696276,629651.362,626394.4386487358,3256.9233512642095,394.3272807844897,938912.0558788747,620326.8064010766,678872.7629564798,41,1729,False,0.9948274179207378
P3b_newsvendor_q*_tuned,2017-07-14,1116.7580602869061,3093.39164026832,786.1426740294866,4996.292374584713,765489.605,761034.2470079206,4455.357992079404,472.30929931261613,1073245.1964432502,782108.5993800947,699474.8060293412,41,1729,False,0.994179727637086
P3b_newsvendor_q*_tuned,2017-07-15,1162.1793991623406,7403.324533886648,271.32705626056975,8836.830989309557,969077.148,954941.0844191366,14136.063580863349,70.29035208406063,879038.2636393999,977859.9724734521,722323.4037315727,39,1729,True,0.985412860462103
P3b_newsvendor_q*_tuned,2017-07-16,1171.6228467136632,1998.065208801024,618.6183220885623,3788.3063776032495,1100803.71,1099123.1188536352,1680.5911463648508,238.8817481533502,713827.6302829747,1099829.82100901,722791.2241387942,36,1729,True,0.9984733053394553
P3b_newsvendor_q*_tuned,2017-07-17,1141.0011988817655,1574.5464716518793,1108.485744447852,3824.033414981497,818325.516,816221.825119777,2103.6908802230146,464.4708721653879,721350.2932339931,781026.782931128,687131.7110779799,40,1729,True,0.9974292737558692
P3b_newsvendor_q*_tuned,2017-07-18,1118.87812826765,2581.2888789242447,761.1411861007405,4461.308193292635,730133.72,725690.0572855306,4443.66271446944,424.57480353647964,728868.988525106,714293.9223610535,675311.0013499664,31,1729,True,0.9939139056411893
P3b_newsvendor_q*_tuned,2017-07-19,1110.6135366900114,1533.2773233431203,357.81884928623305,3001.7097093193647,767978.775,767090.1630200426,888.611979957409,107.04309683198673,680441.4862678064,765915.7080428603,674029.5032759521,17,1729,True,0.998842921173235
P3b_newsvendor_q*_tuned,2017-07-20,1052.6418527843903,1909.3669769852386,403.08104495391063,3365.089874723539,688288.062,687018.4943717972,1269.5676282027766,190.2196648574983,934132.878951196,638542.842511478,625363.6317507753,35,1729,True,0.9981554705096676
P3b_newsvendor_q*_tuned,2017-07-21,1030.33080724849,3420.719524942883,537.5937574946486,4988.644089686021,782418.274,780431.1174628818,1987.1565371181655,217.21278058779401,1056169.2799163542,752630.4961188205,597345.7976261261,39,1729,True,0.9974602375696581
P3b_newsvendor_q*_tuned,2017-07-22,1099.6725485797722,3987.206229440025,232.36410168667067,5319.242879706468,932902.066,930107.3134630023,2794.7525369976793,59.113833200200084,861119.7518666167,992085.845466434,659265.2157963576,38,1729,True,0.9970042380236324
P3b_newsvendor_q*_tuned,2017-07-23,1137.5363262905576,5197.884153158141,581.1211182101137,6916.541597658812,1024288.679,1019460.642974055,4828.036025944931,167.6145998679566,667259.5390749479,1072536.927259772,712173.8854822067,47,1729,True,0.9952864498798731
P3b_newsvendor_q*_tuned,2017-07-24,1046.9103375192742,3943.3932423333868,871.3790847008875,5861.682664553548,816564.335,813715.459163303,2848.875836696929,331.97350973110764,678988.3464327493,744171.5149120777,642297.9677212501,57,1729,True,0.996511143440159
P3b_newsvendor_q*_tuned,2017-07-25,988.709569841102,4412.2840638254775,892.1587873093257,6293.152420975905,713581.639,709645.2869539427,3936.352046057291,310.31282696452007,750068.718972158,662805.7703267683,595148.1382671111,57,1729,True,0.9944836696589144
P3b_newsvendor_q*_tuned,2017-07-26,999.3976466737116,7773.211975627362,509.96114912303267,9282.570771424107,740652.986,731679.5170267274,8973.4689732726,162.91985191114793,676797.6573033357,749949.6363001361,613255.3376886087,37,1729,True,0.9878843815620928
P3b_newsvendor_q*_tuned,2017-07-27,974.5543752766722,5241.636598207529,741.3702200417226,6957.561193525923,659849.856,655620.348853118,4229.507146882039,256.16362946450613,912563.2404445239,643462.2853217135,600841.1105277397,33,1729,True,0.9935901976662975
P3b_newsvendor_q*_tuned,2017-07-28,896.9095719253249,17255.804729936222,369.88706695290665,18522.601368814452,835099.674,817686.9436352642,17412.730364735813,135.97054334856168,1087262.656572113,738910.5973743612,521928.7937234882,66,1729,True,0.9791489196956197
P3b_newsvendor_q*_tuned,2017-07-29,874.0534360361196,33978.410575528425,385.983288508911,35238.44730007346,1032310.901,994930.3696926394,37380.53130736056,94.73609414382847,945324.8717122829,972606.0606389501,499509.74857565504,72,1729,True,0.9637894637447401
P3b_newsvendor_q*_tuned,2017-07-30,908.7073377150415,20246.101020687984,213.16120825159098,21367.969566654618,1123752.506,1102151.3139709446,21601.192029055375,48.34364146446455,845356.9793396435,1139557.85795253,536867.9489157759,69,1729,True,0.980777625043129
P3b_newsvendor_q*_tuned,2017-07-31,852.3520895395187,26044.24406163774,581.5323357937642,27478.12848697102,885856.848,856968.1661395875,28888.681860412482,206.31503543802498,1044867.407788202,817598.3364919854,497291.80423273577,92,1729,True,0.967388995269795
P3b_newsvendor_q*_tuned,2017-08-01,738.0868168110281,36632.197485264995,359.3698403681024,37729.65414244413,988527.809,950627.893839672,37899.91516032799,99.62290287529976,865745.084859513,864370.3244739517,410934.61196414015,123,1729,True,0.9616602438340427
P3b_newsvendor_q*_tuned,2017-08-02,910.0770860721615,14834.43353276022,343.7396932469163,16088.250312079299,964711.931,952144.4931664178,12567.437833582182,102.14413520041698,928130.5564036028,1118435.7167416266,577123.6914041486,63,1729,True,0.9869728595348095
P3b_newsvendor_q*_tuned,2017-08-03,975.2504730772171,3876.9955646088288,400.7260312665089,5252.972068952555,728068.476,724793.0949149684,3275.381085031614,160.90310322180764,1129144.812441931,782889.6417497799,635059.3351357384,33,1729,True,0.9955012733101335
P3b_newsvendor_q*_tuned,2017-08-04,1174.873240844628,2485.03654582314,377.7734575781573,4037.6832442459254,827775.644,825795.0447179389,1980.5992820611878,107.07678972648256,1093765.042519883,976344.6014133815,785501.8150414546,26,1729,True,0.9976073235587236
P3b_newsvendor_q*_tuned,2017-08-05,1391.4979184488295,4116.711839774241,636.4812871201816,6144.691045343251,965693.629,963353.8265345343,2339.8024654656147,176.88157686573442,839753.8889494808,1141972.5830498561,963943.6899799105,31,1729,True,0.9975770757979541
P3b_newsvendor_q*_tuned,2017-08-06,1460.8656357883303,7176.098233598347,1163.143742493063,9800.107611879741,1049559.127,1045514.1287535453,4044.9982464546283,387.65648719929646,652723.6902429014,1111208.2108261816,1029250.1155653474,35,1729,True,0.9961460025048646
P3b_newsvendor_q*_tuned,2017-08-07,1403.0659301325827,1687.9965304831696,1188.9332379749662,4279.995698590718,797464.941,796455.8709157674,1009.0700842326002,550.1218850301997,649918.285211589,747915.8794344722,980160.002199022,27,1729,True,0.9987346527322352
P3b_newsvendor_q*_tuned,2017-08-08,1309.210027908419,3032.1666123356767,697.3692945517852,5038.745934795881,717766.377,715894.2056158568,1872.1713841432281,362.09233722375103,720413.0319545818,636598.0638109419,900501.7680568834,47,1729,True,0.9973916702646783
P3b_newsvendor_q*_tuned,2017-08-09,1277.909928466701,3315.767925541175,401.03135750811634,4994.709211515992,734139.677,732304.3644329307,1835.3125670693166,138.65547776898634,694502.3404648737,715192.2741692453,883251.0223154289,45,1729,True,0.9975000498889133
P3b_newsvendor_q*_tuned,2017-08-10,1258.762570432826,6178.664286572663,815.0126581589338,8252.439515164422,651386.951,647526.8293876237,3860.1216123763097,344.2573111119325,920943.4593174797,631667.5573941818,867047.4930108752,50,1729,True,0.9940739960994762
P3b_newsvendor_q*_tuned,2017-08-11,1195.8293343995479,14432.670358695039,463.97735273578803,16092.477045830374,826373.674,814239.976546845,12133.697453154924,219.94864543290694,1062230.5831281363,748722.3190427353,801309.8868613326,86,1729,True,0.9853169361090333
P3b_newsvendor_q*_tuned,2017-08-12,1412.7819569495432,8772.861165594239,923.1564000246179,11108.799522568399,792630.523,783211.0515565958,9419.471443404178,300.77857907773404,928793.5630112347,965828.6778808014,983626.7346064604,55,1729,True,0.9881161888546094
P3b_newsvendor_q*_tuned,2017-08-13,1698.2137445757924,5495.434306397722,11201.915332513932,18395.563383487446,865639.711,860269.4993265767,5370.211673423346,3766.673581225806,537151.8586365434,1125261.323361492,1244851.88506015,38,1729,True,0.9937962507898124
P3b_newsvendor_q*_tuned,2017-08-14,1717.3502978966922,3798.233025509279,3042.1360546843634,8557.719378090334,760922.414,758619.3163446508,2303.097655349243,1699.0179847389782,500192.8885492586,766165.4306670323,1250698.9813977925,39,1729,True,0.996973281883967
P3b_newsvendor_q*_tuned,2017-08-15,1443.401010267606,4960.7395254984085,860.6026066559591,7264.743142421974,762661.9079999999,758719.5875342267,3942.3204657733195,351.3230536120815,738631.6524311103,511128.8889955012,1002756.959805455,62,1729,True,0.9948308412621372
P4_model_P95,2017-06-29,2230.714567577544,1372.1063571428572,0.0,3602.8209247204013,630811.83,630263.6388571429,548.1911428571428,0.0,97042.72152106765,0.0,1714306.9789285713,16,1728,False,0.9991309751707459
P4_model_P95,2017-06-30,2023.0906076632712,2410.4347779583572,13273.188825000001,17706.71421062163,802273.133,800632.7965280063,1640.3364719936478,10373.234071428573,877302.328436497,617168.1840221651,1520469.1323513016,19,1728,False,0.9979553890009257
P4_model_P95,2017-07-01,1106.036526372973,6682.391570241665,864.5775863678693,8653.005682982508,1207529.903,1200484.7134367558,7045.18956324425,180.2363899388236,1025172.8747555675,385049.954039686,704854.1365642931,76,1728,False,0.9941656189666681
P4_model_P95,2017-07-02,768.0629246951095,26969.936820266503,387.3367206348943,28125.336465596505,1296379.238,1264695.5064028408,31683.731597159105,99.04526723783546,908065.3009616999,966053.3653848805,406112.9502790948,104,1728,False,0.9755598279666686
P4_model_P95,2017-07-03,755.9505903508432,12268.20448962923,2145.1163969860313,15169.271476966105,925143.434,912131.3595131277,13012.07448687228,654.9542801469021,795910.1056242384,902837.9491867075,396164.5856725276,90,1728,False,0.9859350734073606
P4_model_P95,2017-07-04,821.6675521864233,5596.705084457512,1510.8875549345335,7929.26019157847,832359.335,827090.625251596,5268.709748403997,422.24620502072827,767396.1803998754,892123.2071761051,460774.921392016,59,1728,False,0.9936701499858784
P4_model_P95,2017-07-05,813.2198532464223,7473.077331993287,958.6029880208592,9244.900173260568,844301.57,835560.3508688055,8741.219131194515,248.79810863260303,719746.9144179665,827495.623918642,452461.39633321995,51,1728,False,0.9896468045994579
P4_model_P95,2017-07-06,813.2775310742447,12913.845097572628,1754.4466948413851,15481.56932348826,700271.998,689245.0088576694,11026.989142330529,634.2508031616102,1014097.5354847249,667523.5528039079,430105.6894762968,42,1728,False,0.9842532770497407
P4_model_P95,2017-07-07,828.9269169946377,5326.487735866364,1208.4385869706107,7363.853239831613,805792.309,798923.7908330521,6868.518166947869,382.2378473960996,1125314.3153677715,813504.8028323738,444304.46362822235,25,1728,False,0.991476068845244
P4_model_P95,2017-07-08,880.0343131114809,13551.537191434423,914.2465666186154,15345.818071164518,998347.297,985422.1529024693,12925.14409753077,234.36927010077505,894294.2569057146,1043851.0054354229,502498.94689107523,28,1728,False,0.9870534591155098
P4_model_P95,2017-07-09,952.8141171004113,9864.09978996993,3022.5747189302137,13839.488626000555,1100833.338,1091292.458435956,9540.879564044093,884.8034181129041,708402.5852883434,1173844.3418465205,584166.026883527,22,1728,False,0.9913330390398805
P4_model_P95,2017-07-10,909.7089003823007,15046.770272223988,2978.840891748903,18935.320064355194,804158.87,788375.87347541,15782.996524589898,946.109011613302,647481.1784005418,762090.0539664386,556934.0983629423,31,1729,False,0.9803732855367373
P4_model_P95,2017-07-11,863.1705156510415,13531.258273087993,1077.882047226634,15472.310835965669,730534.748,717165.0001663305,13369.74783366953,408.7762330322419,697841.353273641,678230.3127521359,517590.63471571554,37,1729,False,0.9816986832313286
P4_model_P95,2017-07-12,833.2714213014345,3788.843433227554,1190.5912164673384,5812.706070996327,748799.928,742962.6591741777,5837.268825822274,349.10934879111187,691033.6107078573,717790.5748772178,492069.44106996444,31,1729,False,0.9922045013527001
P4_model_P95,2017-07-13,824.5912161686078,3894.5474268240123,2748.6174503481525,7467.756093340772,629651.362,624175.4374078398,5475.924592160198,889.2173231100561,950030.1160639481,607018.6089368309,474023.3952758455,32,1729,False,0.9913032434730759
P4_model_P95,2017-07-14,856.4673257537537,5024.835938645408,1194.7982539505765,7076.101518349738,765489.605,756754.5342704345,8735.07072956548,390.57721564327284,1080193.7510904241,772659.0195275868,489537.3033173544,32,1729,False,0.9885889100615998
P4_model_P95,2017-07-15,918.3076463561962,8676.561538613234,1054.72009985901,10649.58928482844,969077.148,953955.6939192093,15121.454080790649,246.81261738459176,876305.8919982299,993591.9886888765,528926.785469637,37,1729,True,0.9843960265578457
P4_model_P95,2017-07-16,935.1774900095367,4412.013704581267,4126.067934081793,9473.259128672598,1100803.71,1096210.9155388756,4592.794461124297,1284.992957675916,705430.8942508348,1106865.806882912,538296.6838559974,38,1729,True,0.9958277807211202
P4_model_P95,2017-07-17,903.4153894084053,4958.598335206923,3856.7661570864357,9718.779881701765,818325.516,808563.2089741363,9762.307025863769,1323.0251534566512,707838.29925549,776282.5136731799,504692.96340158436,34,1729,True,0.9880703866187843
P4_model_P95,2017-07-18,873.4832819216117,3919.6920797019147,1599.956543780142,6393.1319054036685,730133.72,723033.2499900032,7100.470009996833,826.9211735107576,715973.8492616807,702587.1203532083,483419.91259127867,24,1729,True,0.9902751101401032
P4_model_P95,2017-07-19,855.2400569786362,4160.727668247423,1403.704697180406,6419.672422406465,767978.775,762669.628955697,5309.1460443031,343.9587282136689,684871.4300202407,750647.0635788272,471053.3884861953,22,1729,True,0.9930868583649293
P4_model_P95,2017-07-20,791.9365814127134,5255.199536858662,2009.0155724686501,8056.1516907400255,688288.062,680142.6077575951,8145.454242404816,664.2454178220006,945995.0257987706,625815.9902430403,416062.5255538184,33,1729,True,0.9881656319612226
P4_model_P95,2017-07-21,780.9534758121117,6114.781292461646,1369.4768206274791,8265.211588901238,782418.274,775675.1237824899,6743.150217510086,455.6724677943913,1057634.4141170415,760601.2372468809,400532.96655041503,40,1729,True,0.9913816555139533
P4_model_P95,2017-07-22,873.7295739259484,7382.717168801844,1058.319400194472,9314.766142922264,932902.066,925291.990577525,7610.0754224749935,250.0313189048269,848401.2579242678,1003948.5170026195,478939.4616566046,42,1729,True,0.9918425784443755
P4_model_P95,2017-07-23,916.8217763388552,7432.049478324478,1824.850419028263,10173.721673691596,1024288.679,1016204.3580288745,8084.320971125528,498.91972968685263,655441.3301475516,1071204.6112474154,533440.7951454588,48,1729,True,0.9921073803344013
P4_model_P95,2017-07-24,814.8759060763497,6308.967797007903,3792.573042625803,10916.416745710056,816564.335,811119.5896004208,5444.745399579218,1420.197275885786,669636.1648211669,734070.6334087242,454971.6416778764,58,1729,True,0.993332129305428
P4_model_P95,2017-07-25,750.5595138545447,8117.266052285184,1693.3874326736322,10561.21299881336,713581.639,703724.4098270356,9857.229172964358,498.53709112211675,739989.3751428567,652660.7251163429,403409.41987606155,71,1729,True,0.986186262882579
P4_model_P95,2017-07-26,758.1607321688182,11678.286078393789,1499.6943846667077,13936.141195229315,740652.986,727156.7879463091,13496.198053690952,394.4972896886418,669863.9351661352,740442.5951918726,416300.7298319365,46,1729,True,0.9817779738841275
P4_model_P95,2017-07-27,725.7835953394402,10845.880933790295,2730.769397468091,14302.433926597827,659849.856,649790.9249905504,10058.93100944966,760.0522735409077,919601.7653383537,629001.309353212,394751.06192105723,36,1729,True,0.98475572750682
P4_model_P95,2017-07-28,657.1424471591855,24714.338099958186,1221.3632198346615,26592.84376695203,835099.674,805519.4808574647,29580.193142535227,350.957777022226,1085511.5856454042,735455.3810670166,324336.0043535869,77,1729,True,0.9645788472161045
P4_model_P95,2017-07-29,659.1834621817823,44897.65108032263,962.5349943088337,46519.36953681324,1032310.901,980336.0922039889,51974.80879601101,241.47674377159015,919171.604254977,979896.661091478,323655.0964973043,102,1729,True,0.9496519810595209
P4_model_P95,2017-07-30,701.6661225265705,33662.186316464555,1407.392829454395,35771.24526844552,1123752.506,1086314.8574822973,37437.64851770272,325.2671441054399,821940.2996479716,1133015.5603044122,370030.5321753136,88,1729,True,0.9666851479148535
P4_model_P95,2017-07-31,633.1803492938714,36312.21003024813,2991.2688171968334,39936.65919673883,885856.848,843723.476923496,42133.37107650402,955.2756635894585,1024238.2202930619,795079.69290323,320431.4724914581,99,1729,True,0.9524377204154051
P4_model_P95,2017-08-01,519.4549729244279,53526.075205916095,1034.2654621505292,55079.79564099105,988527.809,927197.3048265433,61330.50417345665,282.40037228595776,854429.0567427612,840300.9253143214,233252.69260695018,172,1729,True,0.9379577351136951
P4_model_P95,2017-08-02,681.5745960028789,17991.050899108526,698.606070423045,19371.23156553445,964711.931,948441.2484783024,16270.682521697567,184.4907129465529,901774.37169916,1105670.4940573748,390297.44747307594,71,1729,True,0.9831341543533811
P4_model_P95,2017-08-03,727.8732157030978,5736.374794222866,1343.36654832678,7807.614558252743,728068.476,722132.0414502034,5936.434549796645,427.80369306186407,1129125.8400448947,760967.7817570089,428705.38408681954,28,1729,True,0.9918463238754529
P4_model_P95,2017-08-04,912.0180548462787,5664.753489394824,921.7474628781663,7498.519007119269,827775.644,821793.4957030177,5982.148296982316,247.19738992327208,1094986.315067596,956400.2883851953,563064.9793790738,24,1729,True,0.9927732250394863
P4_model_P95,2017-08-05,1132.9333246219362,5036.76498125885,1528.8032213232307,7698.501527204016,965693.629,962859.5598894133,2834.0691105866754,402.23071356945337,842083.2344233261,1143666.614901393,743469.8036774839,21,1729,True,0.9970652502766106
P4_model_P95,2017-08-06,1202.9218126110654,8162.47626472907,2722.6486182036456,12088.04669554378,1049559.127,1044936.7984452397,4622.328554760282,823.4969034984857,657711.1732393487,1109966.8274674295,807676.3357961752,27,1729,True,0.9955959331534067
P4_model_P95,2017-08-07,1142.5686615307459,2845.8780438426706,3415.9524201692457,7404.399125542662,797464.941,795799.5366497019,1665.4043502980896,1364.9858786271159,654127.1780164513,748156.11402141,758667.9272892562,24,1729,True,0.9979116268757725
P4_model_P95,2017-08-08,1052.8076400563662,4237.824759229346,1822.533825883219,7113.16622516893,717766.377,714709.1655385289,3057.2114614710645,806.6382142852955,726141.9412095734,641151.2380818226,684303.3616182646,34,1729,True,0.9957406594130961
P4_model_P95,2017-08-09,1026.6723109669379,4547.198368470667,844.5047338036793,6418.375413241285,734139.677,730778.7435335867,3360.9334664132957,263.14209662524127,698729.4324589263,720655.2721741885,673916.7481622412,32,1729,True,0.9954219427559787
P4_model_P95,2017-08-10,1012.3471806249156,6991.4968015786635,2059.3434287032405,10063.18741090682,651386.951,646636.3363665063,4750.614633493701,706.9956130698891,919093.054918484,637073.5111821854,663646.9273648503,44,1729,True,0.9927069238550134
P4_model_P95,2017-08-11,964.4853091591118,19537.002129073684,1153.4370955500963,21654.924533782894,826373.674,808271.4052334217,18102.268766578258,459.27067060993267,1049235.0891289788,753805.2634222961,608721.5148831148,91,1729,True,0.9780943302816563
P4_model_P95,2017-08-12,1184.457475613572,11019.72837176915,1811.2562001794092,14015.442047562132,792630.523,780700.9214337124,11929.601566287678,527.6931736222326,910145.333489246,963109.6080611999,790602.5083369801,55,1729,True,0.9849493538034143
P4_model_P95,2017-08-13,1451.7816027126712,7215.776346090598,13727.915864618175,22395.473813421446,865639.711,858816.942341793,6822.768658207054,4528.707805797519,535413.3137765469,1105406.4382578847,1032663.2964472745,30,1729,True,0.9921182351369656
P4_model_P95,2017-08-14,1451.0361135666733,4560.30050454437,5758.308229643539,11769.644847754582,760922.414,758049.8511523905,2872.562847609539,2910.99861622009,502565.9924998553,755202.841906835,1026905.2885854989,30,1729,True,0.9962248938988285
P4_model_P95,2017-08-15,1174.2600823526836,5269.901614791536,1021.5763470305405,7465.73804417476,762661.9079999999,758261.8998516066,4400.008148393444,384.22886427818196,732327.9497235777,514915.436685792,783174.5965554062,56,1729,True,0.9942307225492197
P5_perfect_foresight,2017-06-29,2230.714567577544,1372.1063571428572,0.0,3602.8209247204013,630811.83,630263.6388571429,548.1911428571428,0.0,20819.320928571433,0.0,1714306.9789285713,16,1728,False,0.9991309751707459
P5_perfect_foresight,2017-06-30,1960.018762700587,1333.0821428571448,13273.188825000001,16566.28973055773,802273.133,801239.5972857142,1033.5357142857156,10373.234071428573,646204.343,586585.6515,1489279.7990714286,39,1728,False,0.998711740837661
P5_perfect_foresight,2017-07-01,894.241966927593,11337.802280357148,0.0,12232.04424728474,1207529.903,1197023.365642857,10506.537357142864,0.0,1010919.0307857143,276383.5507142857,568639.9841428571,211,1728,False,0.9912991493369726
P5_perfect_foresight,2017-07-02,345.79306282045013,234.57589285715557,0.0,580.3689556776056,1296379.238,1296354.988,24.250000000015795,0.0,839457.2039285714,807444.0887857142,79729.08492857144,96,1728,False,0.9999812940540166
P5_perfect_foresight,2017-07-03,312.81445474559695,42.883928571442596,60.43028571428571,416.1286690313252,925143.434,925138.8268571428,4.6071428571638515,13.929142857142857,802284.2448571428,892927.1353571429,47503.46428571431,96,1728,False,0.999995020077225
P5_perfect_foresight,2017-07-04,312.80291218199613,184.76957142857918,0.0,497.5724836105753,832359.335,832335.263,24.072000000009467,0.0,781536.1645714286,831050.7987142857,46219.00000000004,91,1728,False,0.9999710797981258
P5_perfect_foresight,2017-07-05,314.75743439334644,204.64285714286632,0.0,519.4002915362128,844301.57,844272.1414285714,29.428571428584018,0.0,749765.5915714286,844003.9991428572,45950.85771428574,93,1728,False,0.9999651444786148
P5_perfect_foresight,2017-07-06,278.33521306262236,1.0884160239754692e-11,0.0,278.3352130626332,700271.998,700271.998,1.4837020501090592e-11,0.0,962045.0124285715,694482.7831428571,40161.642857142884,80,1728,False,1.0
P5_perfect_foresight,2017-07-07,235.90019936399221,9.361631470028442e-12,0.0,235.90019936400157,805792.309,805792.309,1.0629719326971099e-11,0.0,1050988.2455714287,799358.3447142857,33727.678571428594,77,1728,False,1.0
P5_perfect_foresight,2017-07-08,183.65885983365953,1.1511458453128398e-11,0.0,183.65885983367104,998347.297,998347.297,1.3969492229648495e-11,0.0,892605.8979999999,990789.297,26169.678571428594,88,1728,False,1.0
P5_perfect_foresight,2017-07-09,130.38559564579262,1.0783427484284402e-11,0.0,130.3855956458034,1100833.338,1100833.338,1.267708160668235e-11,0.0,747917.5008571428,1093613.4094285714,18949.750000000033,70,1728,False,1.0
P5_perfect_foresight,2017-07-10,98.23220278864976,9.000000000009344,0.0,107.23220278865911,804158.87,804154.87,4.000000000009615,0.0,712968.4125714286,799800.9771428572,14595.85714285718,82,1729,False,0.9999950258585097
P5_perfect_foresight,2017-07-11,70.59314212328772,4.500000000007959,0.0,75.09314212329568,730534.748,730532.748,2.0000000000094182,0.0,709785.0147142857,726719.6765714285,10782.785714285741,102,1729,False,0.9999972622794392
P5_perfect_foresight,2017-07-12,49.8434552348337,9.625080732433844e-12,0.0,49.843455234843326,748799.928,748799.928,1.3532064357946183e-11,0.0,705049.971,745694.8922857143,7677.750000000026,73,1729,False,1.0
P5_perfect_foresight,2017-07-13,37.34455357142861,7.358034181947914e-12,0.0,37.344553571435966,629651.362,629651.362,1.0433431896217371e-11,0.0,936128.0872857142,627713.4691428571,5739.857142857165,75,1729,False,1.0
P5_perfect_foresight,2017-07-14,26.604927837573424,4.896003602539167e-12,0.0,26.60492783757832,765489.605,765489.605,4.993339075554104e-12,0.0,1043462.5932857143,763759.6764285715,4009.928571428597,57,1729,False,1.0
P5_perfect_foresight,2017-07-15,17.256817514677135,6.004363672929003e-12,0.0,17.25681751468314,969077.148,969077.148,6.9138028635507e-12,0.0,902573.6567142857,967728.9694285714,2661.750000000019,58,1729,True,1.0
P5_perfect_foresight,2017-07-16,11.342578277886531,7.826073122885191e-12,0.0,11.342578277894358,1100803.71,1100803.71,8.435252496497014e-12,0.0,756596.8765714286,1099904.9242857143,1762.9642857143083,59,1729,True,1.0
P5_perfect_foresight,2017-07-17,8.703011252446219,9.756275787253799e-12,0.0,8.703011252455976,818325.516,818325.516,1.2660095194405585e-11,0.0,731208.7558571429,817865.3017142857,1302.7500000000234,77,1729,True,1.0
P5_perfect_foresight,2017-07-18,7.034444716242697,4.7747139575449186e-12,0.0,7.034444716247472,730133.72,730133.72,5.126565838509123e-12,0.0,752005.633,729844.5057142858,1013.5357142857418,69,1729,True,1.0
P5_perfect_foresight,2017-07-19,5.347389921722143,6.870903845879184e-12,0.0,5.347389921729013,767978.775,767978.775,8.30269186735677e-12,0.0,734103.9585714285,767696.2035714285,730.9642857143084,77,1729,True,1.0
P5_perfect_foresight,2017-07-20,4.183341487279869,5.989315710053233e-12,0.0,4.183341487285858,688288.062,688288.062,7.123190925995004e-12,0.0,909120.043,688096.2048571429,539.1071428571646,74,1729,True,1.0
P5_perfect_foresight,2017-07-21,3.3545401174168514,8.131495476959572e-12,0.0,3.354540117424983,782418.274,782418.274,1.0432543717797671e-11,0.0,982611.4255714286,782271.774,392.60714285715807,68,1729,True,1.0
P5_perfect_foresight,2017-07-22,2.463992172211378,9.589382621300046e-12,0.0,2.463992172220967,932902.066,932902.066,1.1685763467994548e-11,0.0,878904.076,932750.9945714285,241.535714285732,73,1729,True,1.0
P5_perfect_foresight,2017-07-23,2.0493003913894667,6.846470057553234e-12,0.0,2.0493003913963133,1024288.679,1024288.679,7.492673148590256e-12,0.0,743032.0352857143,1024220.679,173.53571428574165,62,1729,True,1.0
P5_perfect_foresight,2017-07-24,1.7262133072407335,7.93557219935792e-12,0.0,1.7262133072486692,816564.335,816564.335,9.958256441677804e-12,0.0,708969.4619999999,816519.9778571428,129.17857142859444,72,1729,True,1.0
P5_perfect_foresight,2017-07-25,1.4944324853229274,3.950533233876285e-12,0.0,1.494432485326878,713581.639,713581.639,4.313882584483508e-12,0.0,733097.0542857143,713554.139,101.67857142859549,49,1729,True,1.0
P5_perfect_foresight,2017-07-26,1.4244667318982565,9.490142005574854e-12,0.0,1.4244667319077466,740652.986,740652.986,1.3917755836700962e-11,0.0,770245.983,740648.4859999999,97.17857142858553,78,1729,True,1.0
P5_perfect_foresight,2017-07-27,1.3883365949119635,4.775899675735218e-12,0.0,1.3883365949167394,659849.856,659849.856,5.880629316834529e-12,0.0,1003167.1359999999,659843.356,90.67857142859337,63,1729,True,1.0
P5_perfect_foresight,2017-07-28,1.3657827788649957,6.709366395796224e-12,0.0,1.3657827788717052,835099.674,835099.674,8.522071937022702e-12,0.0,1085448.5177142858,835095.174,86.17857142859293,56,1729,True,1.0
P5_perfect_foresight,2017-07-29,1.3348752446184198,8.15321143932124e-12,0.0,1.3348752446265728,1032310.901,1032310.901,8.72191208145523e-12,0.0,947055.711,1032307.901,83.1785714285894,66,1729,True,1.0
P5_perfect_foresight,2017-07-30,1.178123776908055,5.977871531115398e-12,0.0,1.178123776914033,1123752.506,1123752.506,6.8185457280378614e-12,0.0,964359.593,1123743.2202857144,73.89285714288438,68,1729,True,1.0
P5_perfect_foresight,2017-07-31,1.1264897260274263,1.0890115476058782e-11,0.0,1.1264897260383162,885856.848,885856.848,1.532285409666656e-11,0.0,941179.6254285715,885854.1337142857,71.17857142859431,59,1729,True,1.0
P5_perfect_foresight,2017-08-01,1.085393835616467,9.978671222654612e-12,0.0,1.0853938356264456,988527.809,988527.809,1.3867129666778055e-11,0.0,827021.169,988525.809,69.1785714285961,67,1729,True,1.0
P5_perfect_foresight,2017-08-02,0.982654109589072,6.306262179123223e-12,0.0,0.9826541095953782,964711.931,964711.931,7.414513447656645e-12,0.0,776715.224,964706.931,64.17857142859776,64,1729,True,1.0
P5_perfect_foresight,2017-08-03,0.9321257338552155,8.366574100193702e-12,0.0,0.9321257338635821,728068.476,728068.476,1.1049827719489258e-11,0.0,945422.8734285714,728064.0474285714,59.750000000024855,68,1729,True,1.0
P5_perfect_foresight,2017-08-04,0.8293860078278165,6.607088209875656e-12,0.0,0.8293860078344236,827775.644,827775.644,7.652545264136279e-12,0.0,1009996.6367142857,827770.644,54.750000000022965,70,1729,True,1.0
P5_perfect_foresight,2017-08-05,0.76209148727987,1.132488769428619e-11,0.0,0.7620914872911949,965693.629,965693.629,1.4440004747484636e-11,0.0,869861.377,965689.629,50.75000000002191,71,1729,True,1.0
P5_perfect_foresight,2017-08-06,0.6285298434442466,9.540281897812975e-12,0.0,0.6285298434537869,1049559.127,1049559.127,1.2323031484129388e-11,0.0,735987.495,1049552.627,44.25000000001477,70,1729,True,1.0
P5_perfect_foresight,2017-08-07,0.5668860078278213,8.949401220093022e-12,0.0,0.5668860078367708,797464.941,797464.941,1.1644019082268642e-11,0.0,703756.154,797461.941,41.250000000027704,75,1729,True,1.0
P5_perfect_foresight,2017-08-08,0.4230503913894611,5.6259530367697154e-12,0.0,0.4230503913950871,717766.377,717766.377,6.910028105266974e-12,0.0,717775.3589999999,717759.377,34.25000000002423,53,1729,True,1.0
P5_perfect_foresight,2017-08-09,0.40250244618397674,5.664588798026671e-12,0.0,0.40250244618964137,734139.677,734139.677,7.339906460401835e-12,0.0,748906.781,734138.677,33.25000000001952,66,1729,True,1.0
P5_perfect_foresight,2017-08-10,0.39369618395305495,7.719771488723382e-12,0.0,0.3936961839607747,651386.951,651386.951,1.0453859999870474e-11,0.0,814524.1907142857,651386.5224285714,32.821428571449275,70,1729,True,1.0
P5_perfect_foresight,2017-08-11,0.345971135029381,7.108327260141323e-12,0.0,0.3459711350364893,826373.674,826373.674,6.850520151147066e-12,0.0,823894.495,826370.9597142857,30.10714285716532,65,1729,True,1.0
P5_perfect_foresight,2017-08-12,0.30487524461842763,4.722329194351005e-12,0.0,0.30487524462314997,792630.523,792630.523,4.936495656693296e-12,0.0,781547.034,792628.523,28.107142857167613,61,1729,True,1.0
P5_perfect_foresight,2017-08-13,0.30430283757340665,6.899707472030059e-12,0.0,0.30430283758030635,865639.711,865639.711,8.821388064461644e-12,0.0,747420.7660000001,865639.2467142857,27.64285714287522,66,1729,True,1.0
P5_perfect_foresight,2017-08-14,0.29402886497067393,8.69833538530429e-12,0.0,0.29402886497937225,760922.414,760922.414,1.184030651302237e-11,0.0,260660.18699999998,760921.914,27.14285714288232,67,1729,True,1.0
P5_perfect_foresight,2017-08-15,0.2940288649706738,5.948814774114908e-12,0.0,0.2940288649766226,762661.9079999999,762661.9079999999,6.6417982225175365e-12,0.0,6.567191235262726e-12,762661.9079999999,27.142857142881784,65,1729,True,1.0
