policy,fill_rate,stockout_days,stockout_day_rate,mean_units_held,units_sold,units_lost,waste_units,waste_rate,holding_cost,stockout_cost,waste_cost,total_cost,q
uniform_q=0.50,0.9310008540231405,18109,0.3721078370936588,149436.60626345873,25188421.276170265,1866786.2108297343,3032.797264535632,0.00012040442039949672,6379.46599376019,1802228.699512083,9351.708793011272,1817959.8742988547,0.5
uniform_q=0.60,0.9435647874676727,13138,0.2699626022274278,183603.62795500137,25528341.102364942,1526866.3846350573,3928.655498842343,0.00015389388143510795,8257.739662804375,1432496.3161894167,12286.390059255593,1453040.4459114764,0.6
uniform_q=0.70,0.9535079700590351,9276,0.19060535075822957,224410.63593191982,25797355.97045538,1257851.5165446221,5346.588547120254,0.00020725335391904022,10648.565082773413,1154787.2957950032,16857.152904960283,1182293.0137827368,0.7
uniform_q=0.80,0.961460453402353,6645,0.1365429663420047,270203.9138282136,26012512.057345755,1042695.429654246,7389.486780061899,0.0002840743240703336,13412.046138898128,946787.8124807983,23324.491664876423,983524.3502845728,0.8
uniform_q=0.85,0.9703488148515653,4219,0.08669296839682736,336610.5698515556,26252988.520573646,802218.9664263563,10569.837925575686,0.0004026146553674236,17483.59065860034,717897.1957223285,33293.906902419956,768674.6932833487,0.85
uniform_q=0.90,0.9764789400916346,2870,0.05897341059466568,410294.1319087534,26418840.330865018,636367.1561349799,15503.543519414945,0.0005868366410202427,22003.851636570944,564981.6934768765,47365.445947928754,634350.9910613761,0.9
uniform_q=0.93,0.9817563464840103,1990,0.04089097110919328,491478.6934239776,26561621.655803964,493585.83119603514,20543.29726614779,0.0007734202953553059,26216.614404833075,446452.90210330265,61568.90767579194,534238.4241839276,0.93
uniform_q=0.95,0.9842400085471553,1634,0.03357580240825217,548510.007931189,26628817.64824994,426389.83875006356,25161.121541596905,0.0009448831665738831,29186.80975405794,391191.729765289,74466.12729142215,494844.66681076906,0.95
uniform_q=0.98,0.9908908206057425,788,0.016192002630173015,793323.7140709299,26808756.74845206,246450.73854793984,52969.4491499217,0.001975826393104938,43134.520119276625,241747.05299094308,147017.5135243304,431899.0866345501,0.98
