variant,P1_fill_rate,P3_fill_rate,P1_total_cost,P3_total_cost,P3_cost_vs_P1,P1_waste_units,P3_waste_units
base,0.9052868652227439,0.9798197093868625,2298903.1486021797,583086.8805765843,-0.7463630075363883,1498.4292857142855,3032.797264535632
holding 15%/yr,0.9052868652227439,0.9798228655386905,2294543.3934591645,567822.4980340614,-0.7525335543216578,1498.4292857142855,3032.797264535632
holding 40%/yr,0.9052868652227439,0.9798149808228467,2305442.7813167013,605834.138485428,-0.7372157125758638,1498.4292857142855,3032.797264535632
penalty 1.0x margin,0.9052868652227439,0.9790239749524116,1537986.0409218224,412187.68777649314,-0.7319951697809687,1498.4292857142855,3032.797264535632
penalty 3.0x margin,0.9052868652227439,0.9830997518718183,4581654.47164325,953805.9133994934,-0.7918206361254906,1498.4292857142855,3822.5726213061553
shelf life -1 day,0.8903642504419534,0.966209814242425,3430562.953984118,1574244.5707909567,-0.5411118839948142,504827.3401428571,440468.7367123172
shelf life +2 days,0.9052913972998228,0.9819399293783165,2293791.560258107,515003.2736292139,-0.7754794801096645,101.85714285714285,337.8478874909027
"lead times +1 day (perish., grocery), +3 (hardware)",0.9121621673176795,0.9813164166481921,2180695.6967642684,564927.6523996256,-0.7409415475814121,5543.883285714284,4790.719522973274
"aggregation: normal, rho=0.3",0.9052868652227439,0.9701054473720212,2298903.1486021797,786031.8736856398,-0.6580839544442849,1498.4292857142855,3032.797264535632
